nidx,fips,date,precipitation,wind_gust,elevation,population
0,1,08/22/2021,0.0,0.0,20,62045
0,1,08/23/2021,0.0,0.0,20,62045
0,1,08/24/2021,0.51,38.2,20,62045
0,1,08/25/2021,0.11,32.2,20,62045
0,1,08/26/2021,0.22,23.0,20,62045
0,1,08/27/2021,0.02,19.7,20,62045
0,1,08/28/2021,0.72,17.2,20,62045
0,1,08/29/2021,0.16,37.4,20,62045
0,1,08/30/2021,0.09,27.2,20,62045
0,1,08/31/2021,0.93,17.2,20,62045
0,1,09/01/2021,0.98,21.9,20,62045
0,1,09/02/2021,0.44,26.4,20,62045
0,1,09/03/2021,0.23,21.9,20,62045
0,1,09/04/2021,0.01,0.0,20,62045
0,1,09/05/2021,0.02,21.9,20,62045
0,1,09/06/2021,0.38,0.0,20,62045
0,1,09/07/2021,0.09,0.0,20,62045
0,1,09/08/2021,0.04,0.0,20,62045
0,1,09/09/2021,0.01,21.9,20,62045
0,1,09/10/2021,0.0,18.3,20,62045
0,1,09/11/2021,0.0,17.2,20,62045
0,1,09/12/2021,0.14,24.2,20,62045
0,1,09/13/2021,0.1,19.7,20,62045
0,1,09/14/2021,2.91,32.2,20,62045
0,1,09/15/2021,1.32,19.7,20,62045
0,1,09/16/2021,0.41,17.2,20,62045
0,1,09/17/2021,0.0,0.0,20,62045
0,1,09/18/2021,0.1,0.0,20,62045
0,1,09/19/2021,0.06,0.0,20,62045
0,1,09/20/2021,0.01,0.0,20,62045
0,1,09/21/2021,0.89,32.2,20,62045
0,1,09/22/2021,0.69,29.2,20,62045
0,1,09/23/2021,0.0,0.0,20,62045
0,1,09/24/2021,0.0,0.0,20,62045
0,1,09/25/2021,0.0,20.8,20,62045
0,1,09/26/2021,0.0,0.0,20,62045
0,1,09/27/2021,0.0,19.7,20,62045
1,3,08/22/2021,0.0,0.0,39,25627
1,3,08/23/2021,0.02,0.0,39,25627
1,3,08/24/2021,0.28,0.0,39,25627
1,3,08/25/2021,0.04,0.0,39,25627
1,3,08/26/2021,0.29,23.0,39,25627
1,3,08/27/2021,0.03,17.2,39,25627
1,3,08/28/2021,0.5,17.2,39,25627
1,3,08/29/2021,0.12,25.3,39,25627
1,3,08/30/2021,0.04,24.4,39,25627
1,3,08/31/2021,0.03,0.0,39,25627
1,3,09/01/2021,0.07,19.7,39,25627
1,3,09/02/2021,0.16,26.4,39,25627
1,3,09/03/2021,1.15,21.9,39,25627
1,3,09/04/2021,0.02,0.0,39,25627
1,3,09/05/2021,0.01,16.1,39,25627
1,3,09/06/2021,0.34,20.8,39,25627
1,3,09/07/2021,0.0,0.0,39,25627
1,3,09/08/2021,0.0,0.0,39,25627
1,3,09/09/2021,0.0,20.8,39,25627
1,3,09/10/2021,0.0,20.5,39,25627
1,3,09/11/2021,0.0,0.0,39,25627
1,3,09/12/2021,0.04,24.2,39,25627
1,3,09/13/2021,0.05,19.7,39,25627
1,3,09/14/2021,3.44,26.4,39,25627
1,3,09/15/2021,2.28,18.3,39,25627
1,3,09/16/2021,0.08,0.0,39,25627
1,3,09/17/2021,0.09,0.0,39,25627
1,3,09/18/2021,0.08,0.0,39,25627
1,3,09/19/2021,0.22,0.0,39,25627
1,3,09/20/2021,1.19,0.0,39,25627
1,3,09/21/2021,0.09,0.0,39,25627
1,3,09/22/2021,0.1,26.4,39,25627
1,3,09/23/2021,0.0,0.0,39,25627
1,3,09/24/2021,0.0,0.0,39,25627
1,3,09/25/2021,0.0,0.0,39,25627
1,3,09/26/2021,0.0,0.0,39,25627
1,3,09/27/2021,0.0,19.7,39,25627
2,5,08/22/2021,0.0,0.0,10,126604
2,5,08/23/2021,0.12,20.8,10,126604
2,5,08/24/2021,0.15,18.3,10,126604
2,5,08/25/2021,0.68,39.1,10,126604
2,5,08/26/2021,0.22,33.3,10,126604
2,5,08/27/2021,0.21,18.3,10,126604
2,5,08/28/2021,0.2,30.0,10,126604
2,5,08/29/2021,4.47,56.0,10,126604
2,5,08/30/2021,0.31,50.7,10,126604
2,5,08/31/2021,0.46,0.0,10,126604
2,5,09/01/2021,0.01,20.8,10,126604
2,5,09/02/2021,0.29,0.0,10,126604
2,5,09/03/2021,0.0,0.0,10,126604
2,5,09/04/2021,0.0,16.1,10,126604
2,5,09/05/2021,0.02,40.3,10,126604
2,5,09/06/2021,0.04,0.0,10,126604
2,5,09/07/2021,0.01,20.8,10,126604
2,5,09/08/2021,0.0,0.0,10,126604
2,5,09/09/2021,0.0,21.9,10,126604
2,5,09/10/2021,0.0,17.2,10,126604
2,5,09/11/2021,0.0,20.8,10,126604
2,5,09/12/2021,0.42,26.5,10,126604
2,5,09/13/2021,0.41,17.2,10,126604
2,5,09/14/2021,2.26,35.6,10,126604
2,5,09/15/2021,2.18,34.4,10,126604
2,5,09/16/2021,0.76,18.3,10,126604
2,5,09/17/2021,0.68,16.1,10,126604
2,5,09/18/2021,1.06,19.7,10,126604
2,5,09/19/2021,0.3,0.0,10,126604
2,5,09/20/2021,0.11,0.0,10,126604
2,5,09/21/2021,0.24,27.4,10,126604
2,5,09/22/2021,0.02,28.9,10,126604
2,5,09/23/2021,0.0,20.8,10,126604
2,5,09/24/2021,0.03,0.0,10,126604
2,5,09/25/2021,0.0,0.0,10,126604
2,5,09/26/2021,0.0,0.0,10,126604
2,5,09/27/2021,0.12,0.0,10,126604
3,7,08/22/2021,0.0,0.0,3,21891
3,7,08/23/2021,0.11,0.0,3,21891
3,7,08/24/2021,0.55,32.4,3,21891
3,7,08/25/2021,0.37,0.0,3,21891
3,7,08/26/2021,0.62,29.8,3,21891
3,7,08/27/2021,0.25,17.2,3,21891
3,7,08/28/2021,0.44,29.9,3,21891
3,7,08/29/2021,3.29,58.1,3,21891
3,7,08/30/2021,0.18,50.9,3,21891
3,7,08/31/2021,0.1,19.7,3,21891
3,7,09/01/2021,0.02,20.8,3,21891
3,7,09/02/2021,0.97,26.4,3,21891
3,7,09/03/2021,0.0,0.0,3,21891
3,7,09/04/2021,0.0,0.0,3,21891
3,7,09/05/2021,0.04,0.0,3,21891
3,7,09/06/2021,0.03,0.0,3,21891
3,7,09/07/2021,0.04,20.8,3,21891
3,7,09/08/2021,0.0,0.0,3,21891
3,7,09/09/2021,0.0,21.9,3,21891
3,7,09/10/2021,0.0,17.2,3,21891
3,7,09/11/2021,0.0,20.8,3,21891
3,7,09/12/2021,0.47,22.4,3,21891
3,7,09/13/2021,0.35,17.2,3,21891
3,7,09/14/2021,3.46,32.2,3,21891
3,7,09/15/2021,2.08,34.4,3,21891
3,7,09/16/2021,0.79,18.3,3,21891
3,7,09/17/2021,0.74,0.0,3,21891
3,7,09/18/2021,1.23,19.7,3,21891
3,7,09/19/2021,0.45,0.0,3,21891
3,7,09/20/2021,0.31,24.2,3,21891
3,7,09/21/2021,0.32,29.8,3,21891
3,7,09/22/2021,0.04,28.9,3,21891
3,7,09/23/2021,0.01,20.8,3,21891
3,7,09/24/2021,0.06,0.0,3,21891
3,7,09/25/2021,0.01,0.0,3,21891
3,7,09/26/2021,0.0,0.0,3,21891
3,7,09/27/2021,0.14,18.3,3,21891
4,9,08/22/2021,0.0,0.0,49,40144
4,9,08/23/2021,0.0,0.0,49,40144
4,9,08/24/2021,0.13,32.2,49,40144
4,9,08/25/2021,0.05,0.0,49,40144
4,9,08/26/2021,0.3,33.0,49,40144
4,9,08/27/2021,0.08,27.0,49,40144
4,9,08/28/2021,0.12,31.0,49,40144
4,9,08/29/2021,0.03,28.9,49,40144
4,9,08/30/2021,0.19,32.2,49,40144
4,9,08/31/2021,0.33,17.2,49,40144
4,9,09/01/2021,0.0,0.0,49,40144
4,9,09/02/2021,0.35,39.1,49,40144
4,9,09/03/2021,0.0,0.0,49,40144
4,9,09/04/2021,0.0,0.0,49,40144
4,9,09/05/2021,0.62,26.4,49,40144
4,9,09/06/2021,0.51,0.0,49,40144
4,9,09/07/2021,0.0,0.0,49,40144
4,9,09/08/2021,0.0,0.0,49,40144
4,9,09/09/2021,0.0,19.7,49,40144
4,9,09/10/2021,0.0,19.7,49,40144
4,9,09/11/2021,0.0,16.1,49,40144
4,9,09/12/2021,0.07,32.2,49,40144
4,9,09/13/2021,0.02,0.0,49,40144
4,9,09/14/2021,1.29,26.4,49,40144
4,9,09/15/2021,1.32,26.0,49,40144
4,9,09/16/2021,0.4,19.7,49,40144
4,9,09/17/2021,0.26,17.2,49,40144
4,9,09/18/2021,0.17,0.0,49,40144
4,9,09/19/2021,0.13,0.0,49,40144
4,9,09/20/2021,0.0,0.0,49,40144
4,9,09/21/2021,0.61,35.5,49,40144
4,9,09/22/2021,0.01,27.3,49,40144
4,9,09/23/2021,0.0,0.0,49,40144
4,9,09/24/2021,0.0,0.0,49,40144
4,9,09/25/2021,0.0,0.0,49,40144
4,9,09/26/2021,0.0,0.0,49,40144
4,9,09/27/2021,0.0,0.0,49,40144
5,11,08/22/2021,0.0,0.0,141,37497
5,11,08/23/2021,0.0,0.0,141,37497
5,11,08/24/2021,1.5,35.8,141,37497
5,11,08/25/2021,0.51,0.0,141,37497
5,11,08/26/2021,0.31,35.8,141,37497
5,11,08/27/2021,0.1,17.2,141,37497
5,11,08/28/2021,0.14,20.8,141,37497
5,11,08/29/2021,0.24,20.8,141,37497
5,11,08/30/2021,0.0,23.0,141,37497
5,11,08/31/2021,0.01,16.1,141,37497
5,11,09/01/2021,0.49,16.1,141,37497
5,11,09/02/2021,0.0,0.0,141,37497
5,11,09/03/2021,0.0,21.9,141,37497
5,11,09/04/2021,0.0,0.0,141,37497
5,11,09/05/2021,0.0,0.0,141,37497
5,11,09/06/2021,0.75,20.8,141,37497
5,11,09/07/2021,0.3,0.0,141,37497
5,11,09/08/2021,0.26,0.0,141,37497
5,11,09/09/2021,0.07,0.0,141,37497
5,11,09/10/2021,0.0,18.3,141,37497
5,11,09/11/2021,0.0,0.0,141,37497
5,11,09/12/2021,0.16,17.2,141,37497
5,11,09/13/2021,0.05,0.0,141,37497
5,11,09/14/2021,1.6,23.0,141,37497
5,11,09/15/2021,0.51,20.8,141,37497
5,11,09/16/2021,0.31,0.0,141,37497
5,11,09/17/2021,0.13,0.0,141,37497
5,11,09/18/2021,0.11,0.0,141,37497
5,11,09/19/2021,0.27,16.1,141,37497
5,11,09/20/2021,0.05,0.0,141,37497
5,11,09/21/2021,0.16,0.0,141,37497
5,11,09/22/2021,0.01,24.7,141,37497
5,11,09/23/2021,0.0,0.0,141,37497
5,11,09/24/2021,0.0,0.0,141,37497
5,11,09/25/2021,0.0,0.0,141,37497
5,11,09/26/2021,0.0,0.0,141,37497
5,11,09/27/2021,0.0,0.0,141,37497
6,13,08/22/2021,0.0,0.0,302,13241
6,13,08/23/2021,0.0,0.0,302,13241
6,13,08/24/2021,0.0,0.0,302,13241
6,13,08/25/2021,0.28,0.0,302,13241
6,13,08/26/2021,0.01,0.0,302,13241
6,13,08/27/2021,0.0,17.2,302,13241
6,13,08/28/2021,0.65,20.8,302,13241
6,13,08/29/2021,0.23,17.2,302,13241
6,13,08/30/2021,0.16,23.0,302,13241
6,13,08/31/2021,0.07,0.0,302,13241
6,13,09/01/2021,0.0,0.0,302,13241
6,13,09/02/2021,0.0,0.0,302,13241
6,13,09/03/2021,0.0,0.0,302,13241
6,13,09/04/2021,0.04,0.0,302,13241
6,13,09/05/2021,0.12,19.7,302,13241
6,13,09/06/2021,0.0,0.0,302,13241
6,13,09/07/2021,0.0,0.0,302,13241
6,13,09/08/2021,0.0,0.0,302,13241
6,13,09/09/2021,0.0,0.0,302,13241
6,13,09/10/2021,0.0,0.0,302,13241
6,13,09/11/2021,0.0,0.0,302,13241
6,13,09/12/2021,0.0,0.0,302,13241
6,13,09/13/2021,0.0,0.0,302,13241
6,13,09/14/2021,0.1,23.0,302,13241
6,13,09/15/2021,0.0,17.6,302,13241
6,13,09/16/2021,0.0,16.1,302,13241
6,13,09/17/2021,1.18,0.0,302,13241
6,13,09/18/2021,1.04,0.0,302,13241
6,13,09/19/2021,0.36,0.0,302,13241
6,13,09/20/2021,0.0,0.0,302,13241
6,13,09/21/2021,0.25,26.1,302,13241
6,13,09/22/2021,0.0,20.6,302,13241
6,13,09/23/2021,0.0,0.0,302,13241
6,13,09/24/2021,0.0,0.0,302,13241
6,13,09/25/2021,0.0,0.0,302,13241
6,13,09/26/2021,0.0,0.0,302,13241
6,13,09/27/2021,0.0,0.0,302,13241
7,15,08/22/2021,0.0,0.0,475,127039
7,15,08/23/2021,0.0,0.0,475,127039
7,15,08/24/2021,0.0,0.0,475,127039
7,15,08/25/2021,0.0,0.0,475,127039
7,15,08/26/2021,0.0,0.0,475,127039
7,15,08/27/2021,0.0,17.2,475,127039
7,15,08/28/2021,0.26,33.3,475,127039
7,15,08/29/2021,0.29,17.2,475,127039
7,15,08/30/2021,0.0,23.0,475,127039
7,15,08/31/2021,0.11,0.0,475,127039
7,15,09/01/2021,0.01,0.0,475,127039
7,15,09/02/2021,0.0,0.0,475,127039
7,15,09/03/2021,0.0,0.0,475,127039
7,15,09/04/2021,0.0,0.0,475,127039
7,15,09/05/2021,0.03,19.7,475,127039
7,15,09/06/2021,0.0,0.0,475,127039
7,15,09/07/2021,0.0,0.0,475,127039
7,15,09/08/2021,0.0,0.0,475,127039
7,15,09/09/2021,0.0,26.4,475,127039
7,15,09/10/2021,0.0,0.0,475,127039
7,15,09/11/2021,0.0,0.0,475,127039
7,15,09/12/2021,0.0,0.0,475,127039
7,15,09/13/2021,0.0,0.0,475,127039
7,15,09/14/2021,0.01,23.0,475,127039
7,15,09/15/2021,0.0,24.2,475,127039
7,15,09/16/2021,0.0,16.1,475,127039
7,15,09/17/2021,0.13,0.0,475,127039
7,15,09/18/2021,1.19,0.0,475,127039
7,15,09/19/2021,0.04,0.0,475,127039
7,15,09/20/2021,0.0,0.0,475,127039
7,15,09/21/2021,0.16,27.9,475,127039
7,15,09/22/2021,0.0,23.6,475,127039
7,15,09/23/2021,0.0,0.0,475,127039
7,15,09/24/2021,0.0,0.0,475,127039
7,15,09/25/2021,0.0,0.0,475,127039
7,15,09/26/2021,0.0,0.0,475,127039
7,15,09/27/2021,0.0,16.1,475,127039
8,17,08/22/2021,0.0,0.0,410,240204
8,17,08/23/2021,0.0,0.0,410,240204
8,17,08/24/2021,0.0,0.0,410,240204
8,17,08/25/2021,0.08,0.0,410,240204
8,17,08/26/2021,0.0,0.0,410,240204
8,17,08/27/2021,0.0,17.2,410,240204
8,17,08/28/2021,0.2,32.2,410,240204
8,17,08/29/2021,0.23,33.3,410,240204
8,17,08/30/2021,0.0,23.0,410,240204
8,17,08/31/2021,0.07,17.2,410,240204
8,17,09/01/2021,0.01,23.0,410,240204
8,17,09/02/2021,0.0,0.0,410,240204
8,17,09/03/2021,0.0,0.0,410,240204
8,17,09/04/2021,0.0,0.0,410,240204
8,17,09/05/2021,0.04,16.1,410,240204
8,17,09/06/2021,0.0,18.3,410,240204
8,17,09/07/2021,0.0,18.3,410,240204
8,17,09/08/2021,0.0,0.0,410,240204
8,17,09/09/2021,0.0,25.8,410,240204
8,17,09/10/2021,0.0,0.0,410,240204
8,17,09/11/2021,0.0,0.0,410,240204
8,17,09/12/2021,0.0,20.8,410,240204
8,17,09/13/2021,0.01,0.0,410,240204
8,17,09/14/2021,0.02,25.3,410,240204
8,17,09/15/2021,0.0,23.0,410,240204
8,17,09/16/2021,0.0,0.0,410,240204
8,17,09/17/2021,0.11,0.0,410,240204
8,17,09/18/2021,0.75,0.0,410,240204
8,17,09/19/2021,0.0,0.0,410,240204
8,17,09/20/2021,0.0,0.0,410,240204
8,17,09/21/2021,0.06,28.5,410,240204
8,17,09/22/2021,0.0,24.9,410,240204
8,17,09/23/2021,0.0,0.0,410,240204
8,17,09/24/2021,0.0,0.0,410,240204
8,17,09/25/2021,0.0,31.1,410,240204
8,17,09/26/2021,0.0,0.0,410,240204
8,17,09/27/2021,0.0,16.1,410,240204
9,19,08/22/2021,0.0,0.0,95,203436
9,19,08/23/2021,0.0,0.0,95,203436
9,19,08/24/2021,0.85,22.8,95,203436
9,19,08/25/2021,0.2,0.0,95,203436
9,19,08/26/2021,0.25,32.0,95,203436
9,19,08/27/2021,0.03,21.9,95,203436
9,19,08/28/2021,0.24,20.8,95,203436
9,19,08/29/2021,0.03,30.5,95,203436
9,19,08/30/2021,0.0,23.2,95,203436
9,19,08/31/2021,3.04,36.2,95,203436
9,19,09/01/2021,0.18,29.9,95,203436
9,19,09/02/2021,0.09,0.0,95,203436
9,19,09/03/2021,0.0,0.0,95,203436
9,19,09/04/2021,0.04,21.9,95,203436
9,19,09/05/2021,0.41,31.1,95,203436
9,19,09/06/2021,0.77,20.8,95,203436
9,19,09/07/2021,0.13,0.0,95,203436
9,19,09/08/2021,0.1,17.2,95,203436
9,19,09/09/2021,0.02,21.9,95,203436
9,19,09/10/2021,0.0,21.9,95,203436
9,19,09/11/2021,0.0,16.1,95,203436
9,19,09/12/2021,0.27,24.9,95,203436
9,19,09/13/2021,0.29,19.7,95,203436
9,19,09/14/2021,2.7,36.8,95,203436
9,19,09/15/2021,0.4,20.8,95,203436
9,19,09/16/2021,0.2,18.3,95,203436
9,19,09/17/2021,0.04,0.0,95,203436
9,19,09/18/2021,0.12,0.0,95,203436
9,19,09/19/2021,0.28,18.0,95,203436
9,19,09/20/2021,0.02,17.2,95,203436
9,19,09/21/2021,0.03,25.3,95,203436
9,19,09/22/2021,0.03,29.4,95,203436
9,19,09/23/2021,0.0,18.3,95,203436
9,19,09/24/2021,0.0,0.0,95,203436
9,19,09/25/2021,0.0,18.3,95,203436
9,19,09/26/2021,0.0,0.0,95,203436
9,19,09/27/2021,0.0,17.2,95,203436
10,21,08/22/2021,0.02,24.2,171,9918
10,21,08/23/2021,0.0,0.0,171,9918
10,21,08/24/2021,0.0,0.0,171,9918
10,21,08/25/2021,0.15,0.0,171,9918
10,21,08/26/2021,0.18,19.7,171,9918
10,21,08/27/2021,0.0,26.4,171,9918
10,21,08/28/2021,0.42,0.0,171,9918
10,21,08/29/2021,0.07,28.9,171,9918
10,21,08/30/2021,0.51,36.8,171,9918
10,21,08/31/2021,0.0,0.0,171,9918
10,21,09/01/2021,0.0,32.2,171,9918
10,21,09/02/2021,0.0,0.0,171,9918
10,21,09/03/2021,0.0,0.0,171,9918
10,21,09/04/2021,0.02,0.0,171,9918
10,21,09/05/2021,0.31,39.1,171,9918
10,21,09/06/2021,0.0,19.7,171,9918
10,21,09/07/2021,0.0,0.0,171,9918
10,21,09/08/2021,0.0,0.0,171,9918
10,21,09/09/2021,0.0,18.3,171,9918
10,21,09/10/2021,0.0,0.0,171,9918
10,21,09/11/2021,0.0,0.0,171,9918
10,21,09/12/2021,0.0,0.0,171,9918
10,21,09/13/2021,0.0,0.0,171,9918
10,21,09/14/2021,0.12,0.0,171,9918
10,21,09/15/2021,0.0,21.9,171,9918
10,21,09/16/2021,0.0,0.0,171,9918
10,21,09/17/2021,0.87,0.0,171,9918
10,21,09/18/2021,0.36,0.0,171,9918
10,21,09/19/2021,0.51,0.0,171,9918
10,21,09/20/2021,0.0,0.0,171,9918
10,21,09/21/2021,0.14,28.2,171,9918
10,21,09/22/2021,0.0,25.3,171,9918
10,21,09/23/2021,0.0,16.1,171,9918
10,21,09/24/2021,0.0,0.0,171,9918
10,21,09/25/2021,0.0,0.0,171,9918
10,21,09/26/2021,0.0,0.0,171,9918
10,21,09/27/2021,0.0,0.0,171,9918
11,23,08/22/2021,0.0,0.0,3,6973
11,23,08/23/2021,0.0,0.0,3,6973
11,23,08/24/2021,0.99,26.4,3,6973
11,23,08/25/2021,0.0,0.0,3,6973
11,23,08/26/2021,0.17,33.3,3,6973
11,23,08/27/2021,0.23,21.9,3,6973
11,23,08/28/2021,0.26,20.8,3,6973
11,23,08/29/2021,0.0,30.6,3,6973
11,23,08/30/2021,0.0,24.1,3,6973
11,23,08/31/2021,3.04,36.2,3,6973
11,23,09/01/2021,0.21,29.9,3,6973
11,23,09/02/2021,0.15,0.0,3,6973
11,23,09/03/2021,0.0,0.0,3,6973
11,23,09/04/2021,0.03,21.9,3,6973
11,23,09/05/2021,0.41,31.1,3,6973
11,23,09/06/2021,0.48,0.0,3,6973
11,23,09/07/2021,0.0,0.0,3,6973
11,23,09/08/2021,0.0,17.2,3,6973
11,23,09/09/2021,0.0,21.2,3,6973
11,23,09/10/2021,0.0,21.9,3,6973
11,23,09/11/2021,0.0,16.1,3,6973
11,23,09/12/2021,0.22,27.6,3,6973
11,23,09/13/2021,0.45,20.4,3,6973
11,23,09/14/2021,2.99,36.8,3,6973
11,23,09/15/2021,0.34,20.8,3,6973
11,23,09/16/2021,0.1,18.3,3,6973
11,23,09/17/2021,0.0,0.0,3,6973
11,23,09/18/2021,0.14,0.0,3,6973
11,23,09/19/2021,0.29,18.3,3,6973
11,23,09/20/2021,0.0,17.2,3,6973
11,23,09/21/2021,0.02,25.3,3,6973
11,23,09/22/2021,0.03,29.5,3,6973
11,23,09/23/2021,0.0,18.3,3,6973
11,23,09/24/2021,0.0,0.0,3,6973
11,23,09/25/2021,0.0,18.3,3,6973
11,23,09/26/2021,0.0,0.0,3,6973
11,23,09/27/2021,0.0,17.2,3,6973
12,25,08/22/2021,0.0,0.0,49,9494
12,25,08/23/2021,0.0,0.0,49,9494
12,25,08/24/2021,0.01,0.0,49,9494
12,25,08/25/2021,0.0,0.0,49,9494
12,25,08/26/2021,0.49,35.3,49,9494
12,25,08/27/2021,0.06,27.0,49,9494
12,25,08/28/2021,0.05,30.9,49,9494
12,25,08/29/2021,0.03,27.6,49,9494
12,25,08/30/2021,0.32,34.4,49,9494
12,25,08/31/2021,0.0,17.2,49,9494
12,25,09/01/2021,0.01,35.7,49,9494
12,25,09/02/2021,0.33,39.1,49,9494
12,25,09/03/2021,0.0,0.0,49,9494
12,25,09/04/2021,0.0,0.0,49,9494
12,25,09/05/2021,0.46,26.4,49,9494
12,25,09/06/2021,0.46,0.0,49,9494
12,25,09/07/2021,0.0,0.0,49,9494
12,25,09/08/2021,0.0,0.0,49,9494
12,25,09/09/2021,0.0,19.1,49,9494
12,25,09/10/2021,0.0,19.7,49,9494
12,25,09/11/2021,0.0,17.2,49,9494
12,25,09/12/2021,0.07,32.2,49,9494
12,25,09/13/2021,0.01,0.0,49,9494
12,25,09/14/2021,0.87,26.4,49,9494
12,25,09/15/2021,2.53,34.4,49,9494
12,25,09/16/2021,0.07,19.7,49,9494
12,25,09/17/2021,0.2,17.2,49,9494
12,25,09/18/2021,0.21,0.0,49,9494
12,25,09/19/2021,0.42,0.0,49,9494
12,25,09/20/2021,0.1,0.0,49,9494
12,25,09/21/2021,0.49,33.3,49,9494
12,25,09/22/2021,0.01,26.4,49,9494
12,25,09/23/2021,0.0,0.0,49,9494
12,25,09/24/2021,0.0,0.0,49,9494
12,25,09/25/2021,0.0,0.0,49,9494
12,25,09/26/2021,0.0,0.0,49,9494
12,25,09/27/2021,0.0,0.0,49,9494
13,27,08/22/2021,0.0,0.0,276,15670
13,27,08/23/2021,0.0,0.0,276,15670
13,27,08/24/2021,0.0,0.0,276,15670
13,27,08/25/2021,0.49,39.1,276,15670
13,27,08/26/2021,0.17,0.0,276,15670
13,27,08/27/2021,0.0,0.0,276,15670
13,27,08/28/2021,0.28,0.0,276,15670
13,27,08/29/2021,0.18,26.0,276,15670
13,27,08/30/2021,0.26,28.8,276,15670
13,27,08/31/2021,0.05,0.0,276,15670
13,27,09/01/2021,0.02,20.8,276,15670
13,27,09/02/2021,0.0,0.0,276,15670
13,27,09/03/2021,0.0,0.0,276,15670
13,27,09/04/2021,0.02,0.0,276,15670
13,27,09/05/2021,0.06,19.7,276,15670
13,27,09/06/2021,0.0,0.0,276,15670
13,27,09/07/2021,0.0,0.0,276,15670
13,27,09/08/2021,0.0,0.0,276,15670
13,27,09/09/2021,0.0,24.2,276,15670
13,27,09/10/2021,0.0,0.0,276,15670
13,27,09/11/2021,0.0,0.0,276,15670
13,27,09/12/2021,0.0,18.3,276,15670
13,27,09/13/2021,0.0,0.0,276,15670
13,27,09/14/2021,0.05,23.0,276,15670
13,27,09/15/2021,0.0,19.2,276,15670
13,27,09/16/2021,0.0,16.1,276,15670
13,27,09/17/2021,0.7,0.0,276,15670
13,27,09/18/2021,0.4,0.0,276,15670
13,27,09/19/2021,0.33,0.0,276,15670
13,27,09/20/2021,0.0,0.0,276,15670
13,27,09/21/2021,0.47,26.1,276,15670
13,27,09/22/2021,0.0,19.7,276,15670
13,27,09/23/2021,0.0,0.0,276,15670
13,27,09/24/2021,0.0,0.0,276,15670
13,27,09/25/2021,0.0,0.0,276,15670
13,27,09/26/2021,0.0,0.0,276,15670
13,27,09/27/2021,0.0,0.0,276,15670
14,29,08/22/2021,0.0,0.0,52,19259
14,29,08/23/2021,0.0,0.0,52,19259
14,29,08/24/2021,0.02,0.0,52,19259
14,29,08/25/2021,0.0,0.0,52,19259
14,29,08/26/2021,0.7,32.1,52,19259
14,29,08/27/2021,0.07,21.1,52,19259
14,29,08/28/2021,0.06,29.9,52,19259
14,29,08/29/2021,0.04,29.6,52,19259
14,29,08/30/2021,0.44,40.2,52,19259
14,29,08/31/2021,0.0,17.2,52,19259
14,29,09/01/2021,0.02,35.7,52,19259
14,29,09/02/2021,0.03,0.0,52,19259
14,29,09/03/2021,0.0,0.0,52,19259
14,29,09/04/2021,0.0,0.0,52,19259
14,29,09/05/2021,0.29,24.2,52,19259
14,29,09/06/2021,0.53,0.0,52,19259
14,29,09/07/2021,0.0,0.0,52,19259
14,29,09/08/2021,0.0,0.0,52,19259
14,29,09/09/2021,0.0,18.7,52,19259
14,29,09/10/2021,0.0,17.0,52,19259
14,29,09/11/2021,0.0,17.2,52,19259
14,29,09/12/2021,0.0,23.0,52,19259
14,29,09/13/2021,0.01,0.0,52,19259
14,29,09/14/2021,0.91,26.4,52,19259
14,29,09/15/2021,3.2,34.4,52,19259
14,29,09/16/2021,0.07,0.0,52,19259
14,29,09/17/2021,0.01,17.2,52,19259
14,29,09/18/2021,0.09,0.0,52,19259
14,29,09/19/2021,0.51,0.0,52,19259
14,29,09/20/2021,0.14,0.0,52,19259
14,29,09/21/2021,0.48,33.3,52,19259
14,29,09/22/2021,0.01,26.4,52,19259
14,29,09/23/2021,0.0,0.0,52,19259
14,29,09/24/2021,0.0,0.0,52,19259
14,29,09/25/2021,0.0,0.0,52,19259
14,29,09/26/2021,0.0,0.0,52,19259
14,29,09/27/2021,0.0,0.0,52,19259
15,31,08/22/2021,0.0,0.0,308,27463
15,31,08/23/2021,0.0,0.0,308,27463
15,31,08/24/2021,0.0,0.0,308,27463
15,31,08/25/2021,0.11,0.0,308,27463
15,31,08/26/2021,0.0,0.0,308,27463
15,31,08/27/2021,0.0,17.2,308,27463
15,31,08/28/2021,0.24,32.2,308,27463
15,31,08/29/2021,0.25,33.3,308,27463
15,31,08/30/2021,0.0,23.0,308,27463
15,31,08/31/2021,0.05,17.2,308,27463
15,31,09/01/2021,0.0,23.0,308,27463
15,31,09/02/2021,0.0,0.0,308,27463
15,31,09/03/2021,0.0,0.0,308,27463
15,31,09/04/2021,0.0,0.0,308,27463
15,31,09/05/2021,0.04,16.1,308,27463
15,31,09/06/2021,0.0,18.3,308,27463
15,31,09/07/2021,0.0,18.3,308,27463
15,31,09/08/2021,0.0,0.0,308,27463
15,31,09/09/2021,0.0,25.8,308,27463
15,31,09/10/2021,0.0,0.0,308,27463
15,31,09/11/2021,0.0,0.0,308,27463
15,31,09/12/2021,0.0,20.8,308,27463
15,31,09/13/2021,0.02,0.0,308,27463
15,31,09/14/2021,0.02,25.3,308,27463
15,31,09/15/2021,0.0,22.9,308,27463
15,31,09/16/2021,0.0,0.0,308,27463
15,31,09/17/2021,0.11,0.0,308,27463
15,31,09/18/2021,0.78,0.0,308,27463
15,31,09/19/2021,0.0,0.0,308,27463
15,31,09/20/2021,0.0,0.0,308,27463
15,31,09/21/2021,0.05,28.3,308,27463
15,31,09/22/2021,0.0,24.6,308,27463
15,31,09/23/2021,0.0,0.0,308,27463
15,31,09/24/2021,0.0,0.0,308,27463
15,31,09/25/2021,0.0,31.1,308,27463
15,31,09/26/2021,0.0,0.0,308,27463
15,31,09/27/2021,0.0,16.1,308,27463
16,33,08/22/2021,0.0,0.0,62,440059
16,33,08/23/2021,0.28,20.8,62,440059
16,33,08/24/2021,0.0,18.6,62,440059
16,33,08/25/2021,0.85,39.1,62,440059
16,33,08/26/2021,0.08,23.0,62,440059
16,33,08/27/2021,0.12,18.3,62,440059
16,33,08/28/2021,0.11,19.7,62,440059
16,33,08/29/2021,1.18,58.6,62,440059
16,33,08/30/2021,0.6,48.9,62,440059
16,33,08/31/2021,0.04,0.0,62,440059
16,33,09/01/2021,0.0,0.0,62,440059
16,33,09/02/2021,0.0,21.9,62,440059
16,33,09/03/2021,0.0,0.0,62,440059
16,33,09/04/2021,0.0,16.1,62,440059
16,33,09/05/2021,0.0,40.3,62,440059
16,33,09/06/2021,0.04,0.0,62,440059
16,33,09/07/2021,0.0,20.8,62,440059
16,33,09/08/2021,0.0,0.0,62,440059
16,33,09/09/2021,0.0,21.9,62,440059
16,33,09/10/2021,0.0,9.2,62,440059
16,33,09/11/2021,0.0,16.1,62,440059
16,33,09/12/2021,0.3,16.1,62,440059
16,33,09/13/2021,0.5,17.2,62,440059
16,33,09/14/2021,1.81,21.9,62,440059
16,33,09/15/2021,1.49,18.3,62,440059
16,33,09/16/2021,0.91,16.1,62,440059
16,33,09/17/2021,0.03,16.1,62,440059
16,33,09/18/2021,0.14,0.0,62,440059
16,33,09/19/2021,0.0,0.0,62,440059
16,33,09/20/2021,0.0,0.0,62,440059
16,33,09/21/2021,0.1,29.7,62,440059
16,33,09/22/2021,0.01,26.4,62,440059
16,33,09/23/2021,0.0,19.7,62,440059
16,33,09/24/2021,0.0,0.0,62,440059
16,33,09/25/2021,0.0,0.0,62,440059
16,33,09/26/2021,0.0,0.0,62,440059
16,33,09/27/2021,0.14,0.0,62,440059
17,35,08/22/2021,0.02,24.2,105,6861
17,35,08/23/2021,0.0,18.3,105,6861
17,35,08/24/2021,0.0,25.3,105,6861
17,35,08/25/2021,0.0,17.2,105,6861
17,35,08/26/2021,0.07,19.7,105,6861
17,35,08/27/2021,0.0,36.7,105,6861
17,35,08/28/2021,0.17,33.3,105,6861
17,35,08/29/2021,0.08,29.9,105,6861
17,35,08/30/2021,0.38,36.0,105,6861
17,35,08/31/2021,0.03,0.0,105,6861
17,35,09/01/2021,0.42,45.9,105,6861
17,35,09/02/2021,0.71,0.0,105,6861
17,35,09/03/2021,0.0,0.0,105,6861
17,35,09/04/2021,0.0,0.0,105,6861
17,35,09/05/2021,1.01,39.1,105,6861
17,35,09/06/2021,0.0,19.7,105,6861
17,35,09/07/2021,0.0,0.0,105,6861
17,35,09/08/2021,0.0,0.0,105,6861
17,35,09/09/2021,0.0,18.3,105,6861
17,35,09/10/2021,0.0,0.0,105,6861
17,35,09/11/2021,0.0,0.0,105,6861
17,35,09/12/2021,0.0,18.3,105,6861
17,35,09/13/2021,0.0,0.0,105,6861
17,35,09/14/2021,0.3,21.9,105,6861
17,35,09/15/2021,0.04,21.9,105,6861
17,35,09/16/2021,0.0,0.0,105,6861
17,35,09/17/2021,0.16,0.0,105,6861
17,35,09/18/2021,0.08,0.0,105,6861
17,35,09/19/2021,0.55,0.0,105,6861
17,35,09/20/2021,0.46,0.0,105,6861
17,35,09/21/2021,0.1,28.1,105,6861
17,35,09/22/2021,0.03,28.7,105,6861
17,35,09/23/2021,0.0,17.2,105,6861
17,35,09/24/2021,0.0,0.0,105,6861
17,35,09/25/2021,0.0,0.0,105,6861
17,35,09/26/2021,0.0,0.0,105,6861
17,35,09/27/2021,0.0,0.0,105,6861
18,37,08/22/2021,0.0,0.0,187,19135
18,37,08/23/2021,0.22,0.0,187,19135
18,37,08/24/2021,0.07,24.0,187,19135
18,37,08/25/2021,0.87,39.1,187,19135
18,37,08/26/2021,0.2,23.0,187,19135
18,37,08/27/2021,0.16,18.3,187,19135
18,37,08/28/2021,0.1,19.7,187,19135
18,37,08/29/2021,1.0,50.6,187,19135
18,37,08/30/2021,2.32,45.9,187,19135
18,37,08/31/2021,0.92,0.0,187,19135
18,37,09/01/2021,0.0,0.0,187,19135
18,37,09/02/2021,0.0,21.9,187,19135
18,37,09/03/2021,0.0,0.0,187,19135
18,37,09/04/2021,0.0,0.0,187,19135
18,37,09/05/2021,0.0,0.0,187,19135
18,37,09/06/2021,0.25,17.2,187,19135
18,37,09/07/2021,0.01,20.8,187,19135
18,37,09/08/2021,0.0,0.0,187,19135
18,37,09/09/2021,0.0,21.9,187,19135
18,37,09/10/2021,0.0,9.2,187,19135
18,37,09/11/2021,0.0,16.1,187,19135
18,37,09/12/2021,0.24,23.0,187,19135
18,37,09/13/2021,0.44,17.2,187,19135
18,37,09/14/2021,1.83,21.9,187,19135
18,37,09/15/2021,1.92,20.8,187,19135
18,37,09/16/2021,1.12,0.0,187,19135
18,37,09/17/2021,0.62,0.0,187,19135
18,37,09/18/2021,0.4,0.0,187,19135
18,37,09/19/2021,0.0,0.0,187,19135
18,37,09/20/2021,0.0,0.0,187,19135
18,37,09/21/2021,0.16,29.8,187,19135
18,37,09/22/2021,0.01,26.4,187,19135
18,37,09/23/2021,0.0,19.7,187,19135
18,37,09/24/2021,0.0,0.0,187,19135
18,37,09/25/2021,0.0,0.0,187,19135
18,37,09/26/2021,0.0,0.0,187,19135
18,37,09/27/2021,0.12,0.0,187,19135
19,39,08/22/2021,0.0,0.0,75,33395
19,39,08/23/2021,0.0,0.0,75,33395
19,39,08/24/2021,0.68,52.8,75,33395
19,39,08/25/2021,0.11,32.2,75,33395
19,39,08/26/2021,0.32,23.0,75,33395
19,39,08/27/2021,0.01,19.7,75,33395
19,39,08/28/2021,0.87,17.2,75,33395
19,39,08/29/2021,0.19,40.3,75,33395
19,39,08/30/2021,0.08,29.3,75,33395
19,39,08/31/2021,0.93,17.2,75,33395
19,39,09/01/2021,0.99,21.9,75,33395
19,39,09/02/2021,0.44,26.4,75,33395
19,39,09/03/2021,0.28,21.9,75,33395
19,39,09/04/2021,0.0,0.0,75,33395
19,39,09/05/2021,0.0,20.8,75,33395
19,39,09/06/2021,0.33,0.0,75,33395
19,39,09/07/2021,0.0,0.0,75,33395
19,39,09/08/2021,0.0,0.0,75,33395
19,39,09/09/2021,0.0,21.9,75,33395
19,39,09/10/2021,0.0,18.3,75,33395
19,39,09/11/2021,0.0,17.2,75,33395
19,39,09/12/2021,0.1,24.2,75,33395
19,39,09/13/2021,0.1,19.7,75,33395
19,39,09/14/2021,2.71,32.2,75,33395
19,39,09/15/2021,1.24,19.7,75,33395
19,39,09/16/2021,0.36,17.2,75,33395
19,39,09/17/2021,0.0,0.0,75,33395
19,39,09/18/2021,0.08,0.0,75,33395
19,39,09/19/2021,0.14,0.0,75,33395
19,39,09/20/2021,0.51,0.0,75,33395
19,39,09/21/2021,0.76,32.2,75,33395
19,39,09/22/2021,0.27,30.9,75,33395
19,39,09/23/2021,0.0,0.0,75,33395
19,39,09/24/2021,0.0,0.0,75,33395
19,39,09/25/2021,0.0,20.8,75,33395
19,39,09/26/2021,0.0,0.0,75,33395
19,39,09/27/2021,0.0,19.7,75,33395
20,41,08/22/2021,0.0,0.0,75,20015
20,41,08/23/2021,0.0,0.0,75,20015
20,41,08/24/2021,0.54,30.8,75,20015
20,41,08/25/2021,0.06,0.0,75,20015
20,41,08/26/2021,0.64,29.8,75,20015
20,41,08/27/2021,0.34,21.9,75,20015
20,41,08/28/2021,0.68,29.8,75,20015
20,41,08/29/2021,0.19,42.0,75,20015
20,41,08/30/2021,0.02,37.3,75,20015
20,41,08/31/2021,0.29,19.7,75,20015
20,41,09/01/2021,0.15,21.9,75,20015
20,41,09/02/2021,1.25,26.4,75,20015
20,41,09/03/2021,0.0,0.0,75,20015
20,41,09/04/2021,0.01,0.0,75,20015
20,41,09/05/2021,0.08,21.9,75,20015
20,41,09/06/2021,0.07,0.0,75,20015
20,41,09/07/2021,0.18,39.1,75,20015
20,41,09/08/2021,0.81,0.0,75,20015
20,41,09/09/2021,0.01,16.1,75,20015
20,41,09/10/2021,0.0,20.8,75,20015
20,41,09/11/2021,0.0,16.1,75,20015
20,41,09/12/2021,0.22,25.0,75,20015
20,41,09/13/2021,0.03,17.2,75,20015
20,41,09/14/2021,3.71,28.0,75,20015
20,41,09/15/2021,1.52,21.9,75,20015
20,41,09/16/2021,0.14,18.3,75,20015
20,41,09/17/2021,0.0,0.0,75,20015
20,41,09/18/2021,0.97,19.7,75,20015
20,41,09/19/2021,0.34,32.2,75,20015
20,41,09/20/2021,0.32,24.2,75,20015
20,41,09/21/2021,0.49,29.8,75,20015
20,41,09/22/2021,0.66,35.6,75,20015
20,41,09/23/2021,0.01,20.8,75,20015
20,41,09/24/2021,0.07,18.3,75,20015
20,41,09/25/2021,0.01,18.3,75,20015
20,41,09/26/2021,0.0,0.0,75,20015
20,41,09/27/2021,0.07,18.3,75,20015
21,43,08/22/2021,0.0,0.0,226,22389
21,43,08/23/2021,0.02,0.0,226,22389
21,43,08/24/2021,0.42,0.0,226,22389
21,43,08/25/2021,0.02,0.0,226,22389
21,43,08/26/2021,0.51,20.8,226,22389
21,43,08/27/2021,0.02,16.1,226,22389
21,43,08/28/2021,0.03,0.0,226,22389
21,43,08/29/2021,0.12,23.0,226,22389
21,43,08/30/2021,0.04,25.3,226,22389
21,43,08/31/2021,0.02,0.0,226,22389
21,43,09/01/2021,0.2,0.0,226,22389
21,43,09/02/2021,0.12,26.4,226,22389
21,43,09/03/2021,0.97,0.0,226,22389
21,43,09/04/2021,0.02,0.0,226,22389
21,43,09/05/2021,0.0,0.0,226,22389
21,43,09/06/2021,0.26,20.8,226,22389
21,43,09/07/2021,0.0,0.0,226,22389
21,43,09/08/2021,0.0,0.0,226,22389
21,43,09/09/2021,0.0,0.0,226,22389
21,43,09/10/2021,0.0,20.8,226,22389
21,43,09/11/2021,0.0,0.0,226,22389
21,43,09/12/2021,0.0,16.1,226,22389
21,43,09/13/2021,0.0,0.0,226,22389
21,43,09/14/2021,3.49,19.7,226,22389
21,43,09/15/2021,1.75,0.0,226,22389
21,43,09/16/2021,0.12,0.0,226,22389
21,43,09/17/2021,0.07,0.0,226,22389
21,43,09/18/2021,0.07,0.0,226,22389
21,43,09/19/2021,0.22,0.0,226,22389
21,43,09/20/2021,0.86,0.0,226,22389
21,43,09/21/2021,0.05,0.0,226,22389
21,43,09/22/2021,0.01,23.0,226,22389
21,43,09/23/2021,0.0,0.0,226,22389
21,43,09/24/2021,0.0,0.0,226,22389
21,43,09/25/2021,0.0,0.0,226,22389
21,43,09/26/2021,0.0,0.0,226,22389
21,43,09/27/2021,0.0,0.0,226,22389
22,45,08/22/2021,0.0,0.0,0,69830
22,45,08/23/2021,0.0,0.0,0,69830
22,45,08/24/2021,0.56,33.9,0,69830
22,45,08/25/2021,0.19,0.0,0,69830
22,45,08/26/2021,0.13,17.2,0,69830
22,45,08/27/2021,0.04,21.9,0,69830
22,45,08/28/2021,0.6,29.9,0,69830
22,45,08/29/2021,0.05,40.2,0,69830
22,45,08/30/2021,0.01,37.3,0,69830
22,45,08/31/2021,0.06,19.7,0,69830
22,45,09/01/2021,0.02,0.0,0,69830
22,45,09/02/2021,0.12,26.7,0,69830
22,45,09/03/2021,0.01,0.0,0,69830
22,45,09/04/2021,0.01,0.0,0,69830
22,45,09/05/2021,0.06,21.9,0,69830
22,45,09/06/2021,0.08,0.0,0,69830
22,45,09/07/2021,0.18,39.1,0,69830
22,45,09/08/2021,0.82,0.0,0,69830
22,45,09/09/2021,0.02,16.1,0,69830
22,45,09/10/2021,0.0,20.8,0,69830
22,45,09/11/2021,0.0,16.1,0,69830
22,45,09/12/2021,0.33,25.4,0,69830
22,45,09/13/2021,0.02,0.0,0,69830
22,45,09/14/2021,2.59,28.0,0,69830
22,45,09/15/2021,0.83,21.9,0,69830
22,45,09/16/2021,0.0,0.0,0,69830
22,45,09/17/2021,0.0,0.0,0,69830
22,45,09/18/2021,0.04,0.0,0,69830
22,45,09/19/2021,1.37,32.2,0,69830
22,45,09/20/2021,0.05,24.2,0,69830
22,45,09/21/2021,0.38,29.8,0,69830
22,45,09/22/2021,0.85,35.9,0,69830
22,45,09/23/2021,0.0,0.0,0,69830
22,45,09/24/2021,0.0,18.3,0,69830
22,45,09/25/2021,0.0,18.3,0,69830
22,45,09/26/2021,0.0,0.0,0,69830
22,45,09/27/2021,0.04,18.3,0,69830
23,47,08/22/2021,0.0,0.0,7,32511
23,47,08/23/2021,0.16,0.0,7,32511
23,47,08/24/2021,0.34,49.4,7,32511
23,47,08/25/2021,0.78,39.1,7,32511
23,47,08/26/2021,0.07,23.0,7,32511
23,47,08/27/2021,0.11,21.9,7,32511
23,47,08/28/2021,0.3,36.7,7,32511
23,47,08/29/2021,1.69,53.7,7,32511
23,47,08/30/2021,0.16,46.2,7,32511
23,47,08/31/2021,0.01,19.7,7,32511
23,47,09/01/2021,0.0,0.0,7,32511
23,47,09/02/2021,0.04,31.1,7,32511
23,47,09/03/2021,0.0,0.0,7,32511
23,47,09/04/2021,0.0,0.0,7,32511
23,47,09/05/2021,0.02,0.0,7,32511
23,47,09/06/2021,0.04,0.0,7,32511
23,47,09/07/2021,0.03,39.1,7,32511
23,47,09/08/2021,0.23,0.0,7,32511
23,47,09/09/2021,0.0,21.9,7,32511
23,47,09/10/2021,0.0,20.8,7,32511
23,47,09/11/2021,0.0,16.1,7,32511
23,47,09/12/2021,0.41,28.9,7,32511
23,47,09/13/2021,0.42,0.0,7,32511
23,47,09/14/2021,1.95,28.7,7,32511
23,47,09/15/2021,1.49,21.9,7,32511
23,47,09/16/2021,0.67,0.0,7,32511
23,47,09/17/2021,0.17,0.0,7,32511
23,47,09/18/2021,0.33,0.0,7,32511
23,47,09/19/2021,0.62,32.2,7,32511
23,47,09/20/2021,0.01,24.2,7,32511
23,47,09/21/2021,0.21,29.8,7,32511
23,47,09/22/2021,0.15,39.0,7,32511
23,47,09/23/2021,0.0,19.7,7,32511
23,47,09/24/2021,0.0,18.3,7,32511
23,47,09/25/2021,0.0,18.3,7,32511
23,47,09/26/2021,0.0,0.0,7,32511
23,47,09/27/2021,0.12,0.0,7,32511
24,49,08/22/2021,0.0,0.0,200,15744
24,49,08/23/2021,0.25,0.0,200,15744
24,49,08/24/2021,0.13,26.5,200,15744
24,49,08/25/2021,0.85,39.1,200,15744
24,49,08/26/2021,0.27,23.0,200,15744
24,49,08/27/2021,0.15,17.2,200,15744
24,49,08/28/2021,0.12,19.7,200,15744
24,49,08/29/2021,1.24,50.2,200,15744
24,49,08/30/2021,0.64,45.4,200,15744
24,49,08/31/2021,1.29,0.0,200,15744
24,49,09/01/2021,0.0,0.0,200,15744
24,49,09/02/2021,0.0,21.9,200,15744
24,49,09/03/2021,0.0,0.0,200,15744
24,49,09/04/2021,0.0,0.0,200,15744
24,49,09/05/2021,0.0,0.0,200,15744
24,49,09/06/2021,0.19,0.0,200,15744
24,49,09/07/2021,0.02,20.8,200,15744
24,49,09/08/2021,0.0,0.0,200,15744
24,49,09/09/2021,0.0,21.9,200,15744
24,49,09/10/2021,0.0,9.2,200,15744
24,49,09/11/2021,0.0,16.1,200,15744
24,49,09/12/2021,0.25,16.1,200,15744
24,49,09/13/2021,0.47,17.2,200,15744
24,49,09/14/2021,2.16,21.9,200,15744
24,49,09/15/2021,1.8,18.3,200,15744
24,49,09/16/2021,1.28,0.0,200,15744
24,49,09/17/2021,0.09,0.0,200,15744
24,49,09/18/2021,0.21,0.0,200,15744
24,49,09/19/2021,0.0,0.0,200,15744
24,49,09/20/2021,0.0,0.0,200,15744
24,49,09/21/2021,0.11,29.8,200,15744
24,49,09/22/2021,0.01,26.4,200,15744
24,49,09/23/2021,0.0,19.7,200,15744
24,49,09/24/2021,0.0,0.0,200,15744
24,49,09/25/2021,0.0,0.0,200,15744
24,49,09/26/2021,0.0,0.0,200,15744
24,49,09/27/2021,0.14,0.0,200,15744
25,51,08/22/2021,0.0,0.0,0,432493
25,51,08/23/2021,0.92,17.2,0,432493
25,51,08/24/2021,0.25,0.0,0,432493
25,51,08/25/2021,0.45,36.7,0,432493
25,51,08/26/2021,1.11,32.2,0,432493
25,51,08/27/2021,0.3,31.1,0,432493
25,51,08/28/2021,0.43,31.1,0,432493
25,51,08/29/2021,6.35,83.4,0,432493
25,51,08/30/2021,0.44,58.4,0,432493
25,51,08/31/2021,0.18,23.0,0,432493
25,51,09/01/2021,0.39,33.3,0,432493
25,51,09/02/2021,0.19,29.8,0,432493
25,51,09/03/2021,0.0,0.0,0,432493
25,51,09/04/2021,0.0,0.0,0,432493
25,51,09/05/2021,0.02,0.0,0,432493
25,51,09/06/2021,0.07,43.6,0,432493
25,51,09/07/2021,0.16,0.0,0,432493
25,51,09/08/2021,0.0,0.0,0,432493
25,51,09/09/2021,0.0,19.7,0,432493
25,51,09/10/2021,0.0,17.2,0,432493
25,51,09/11/2021,0.0,20.8,0,432493
25,51,09/12/2021,0.4,29.8,0,432493
25,51,09/13/2021,0.0,16.1,0,432493
25,51,09/14/2021,1.99,35.6,0,432493
25,51,09/15/2021,2.64,32.6,0,432493
25,51,09/16/2021,0.01,29.8,0,432493
25,51,09/17/2021,0.65,40.3,0,432493
25,51,09/18/2021,0.57,0.0,0,432493
25,51,09/19/2021,1.21,0.0,0,432493
25,51,09/20/2021,0.11,0.0,0,432493
25,51,09/21/2021,0.65,35.6,0,432493
25,51,09/22/2021,0.0,29.0,0,432493
25,51,09/23/2021,0.0,27.9,0,432493
25,51,09/24/2021,0.0,0.0,0,432493
25,51,09/25/2021,0.0,0.0,0,432493
25,51,09/26/2021,0.0,0.0,0,432493
25,51,09/27/2021,0.0,31.1,0,432493
26,53,08/22/2021,0.0,0.0,20,31368
26,53,08/23/2021,0.0,0.0,20,31368
26,53,08/24/2021,0.78,0.0,20,31368
26,53,08/25/2021,0.01,0.0,20,31368
26,53,08/26/2021,0.35,23.0,20,31368
26,53,08/27/2021,0.0,21.9,20,31368
26,53,08/28/2021,0.43,24.2,20,31368
26,53,08/29/2021,0.08,27.5,20,31368
26,53,08/30/2021,0.0,26.4,20,31368
26,53,08/31/2021,3.04,36.3,20,31368
26,53,09/01/2021,0.13,29.9,20,31368
26,53,09/02/2021,0.01,26.6,20,31368
26,53,09/03/2021,0.26,21.9,20,31368
26,53,09/04/2021,0.01,21.9,20,31368
26,53,09/05/2021,0.41,31.1,20,31368
26,53,09/06/2021,0.31,0.0,20,31368
26,53,09/07/2021,0.0,0.0,20,31368
26,53,09/08/2021,0.0,17.2,20,31368
26,53,09/09/2021,0.0,21.9,20,31368
26,53,09/10/2021,0.0,20.8,20,31368
26,53,09/11/2021,0.0,0.0,20,31368
26,53,09/12/2021,0.15,34.4,20,31368
26,53,09/13/2021,0.17,26.4,20,31368
26,53,09/14/2021,2.78,35.7,20,31368
26,53,09/15/2021,0.54,18.3,20,31368
26,53,09/16/2021,0.08,0.0,20,31368
26,53,09/17/2021,0.0,0.0,20,31368
26,53,09/18/2021,0.0,0.0,20,31368
26,53,09/19/2021,0.35,0.0,20,31368
26,53,09/20/2021,0.37,17.2,20,31368
26,53,09/21/2021,0.24,25.3,20,31368
26,53,09/22/2021,0.21,28.8,20,31368
26,53,09/23/2021,0.0,18.3,20,31368
26,53,09/24/2021,0.0,0.0,20,31368
26,53,09/25/2021,0.0,18.3,20,31368
26,53,09/26/2021,0.0,0.0,20,31368
26,53,09/27/2021,0.0,19.7,20,31368
27,55,08/22/2021,0.0,0.0,16,244390
27,55,08/23/2021,0.0,0.0,16,244390
27,55,08/24/2021,0.03,52.3,16,244390
27,55,08/25/2021,0.01,32.2,16,244390
27,55,08/26/2021,0.0,0.0,16,244390
27,55,08/27/2021,0.0,21.9,16,244390
27,55,08/28/2021,0.31,28.2,16,244390
27,55,08/29/2021,0.1,41.1,16,244390
27,55,08/30/2021,0.04,34.6,16,244390
27,55,08/31/2021,0.89,19.7,16,244390
27,55,09/01/2021,1.13,21.9,16,244390
27,55,09/02/2021,0.42,26.4,16,244390
27,55,09/03/2021,0.0,0.0,16,244390
27,55,09/04/2021,0.0,0.0,16,244390
27,55,09/05/2021,0.0,21.9,16,244390
27,55,09/06/2021,0.21,0.0,16,244390
27,55,09/07/2021,0.01,39.1,16,244390
27,55,09/08/2021,0.02,0.0,16,244390
27,55,09/09/2021,0.0,21.9,16,244390
27,55,09/10/2021,0.0,18.4,16,244390
27,55,09/11/2021,0.0,17.2,16,244390
27,55,09/12/2021,0.19,24.1,16,244390
27,55,09/13/2021,0.05,0.0,16,244390
27,55,09/14/2021,3.3,28.1,16,244390
27,55,09/15/2021,1.23,19.7,16,244390
27,55,09/16/2021,0.01,17.2,16,244390
27,55,09/17/2021,0.0,0.0,16,244390
27,55,09/18/2021,0.08,0.0,16,244390
27,55,09/19/2021,0.05,32.2,16,244390
27,55,09/20/2021,0.0,24.2,16,244390
27,55,09/21/2021,0.45,32.2,16,244390
27,55,09/22/2021,0.6,32.9,16,244390
27,55,09/23/2021,0.0,0.0,16,244390
27,55,09/24/2021,0.0,18.3,16,244390
27,55,09/25/2021,0.0,20.8,16,244390
27,55,09/26/2021,0.0,0.0,16,244390
27,55,09/27/2021,0.0,16.1,16,244390
28,57,08/22/2021,0.0,0.0,3,97614
28,57,08/23/2021,0.82,0.0,3,97614
28,57,08/24/2021,0.18,0.0,3,97614
28,57,08/25/2021,0.28,36.7,3,97614
28,57,08/26/2021,0.82,32.2,3,97614
28,57,08/27/2021,0.24,31.1,3,97614
28,57,08/28/2021,0.28,21.9,3,97614
28,57,08/29/2021,4.97,87.1,3,97614
28,57,08/30/2021,0.15,58.6,3,97614
28,57,08/31/2021,0.13,23.0,3,97614
28,57,09/01/2021,0.25,33.3,3,97614
28,57,09/02/2021,0.11,19.7,3,97614
28,57,09/03/2021,0.0,0.0,3,97614
28,57,09/04/2021,0.0,0.0,3,97614
28,57,09/05/2021,0.01,0.0,3,97614
28,57,09/06/2021,0.06,43.6,3,97614
28,57,09/07/2021,0.1,0.0,3,97614
28,57,09/08/2021,0.0,0.0,3,97614
28,57,09/09/2021,0.0,19.7,3,97614
28,57,09/10/2021,0.0,17.2,3,97614
28,57,09/11/2021,0.0,20.8,3,97614
28,57,09/12/2021,0.77,29.8,3,97614
28,57,09/13/2021,0.0,16.1,3,97614
28,57,09/14/2021,2.05,35.6,3,97614
28,57,09/15/2021,2.8,33.6,3,97614
28,57,09/16/2021,0.01,24.2,3,97614
28,57,09/17/2021,0.69,40.3,3,97614
28,57,09/18/2021,0.61,0.0,3,97614
28,57,09/19/2021,1.35,0.0,3,97614
28,57,09/20/2021,0.12,24.2,3,97614
28,57,09/21/2021,0.55,35.6,3,97614
28,57,09/22/2021,0.0,28.6,3,97614
28,57,09/23/2021,0.0,27.6,3,97614
28,57,09/24/2021,0.0,0.0,3,97614
28,57,09/25/2021,0.0,17.2,3,97614
28,57,09/26/2021,0.0,0.0,3,97614
28,57,09/27/2021,0.0,31.1,3,97614
29,59,08/22/2021,0.0,0.0,102,14892
29,59,08/23/2021,0.0,0.0,102,14892
29,59,08/24/2021,0.0,0.0,102,14892
29,59,08/25/2021,0.0,0.0,102,14892
29,59,08/26/2021,0.35,34.3,102,14892
29,59,08/27/2021,0.07,27.1,102,14892
29,59,08/28/2021,0.05,30.8,102,14892
29,59,08/29/2021,0.01,26.5,102,14892
29,59,08/30/2021,0.14,32.2,102,14892
29,59,08/31/2021,0.0,17.2,102,14892
29,59,09/01/2021,0.0,0.0,102,14892
29,59,09/02/2021,0.29,39.1,102,14892
29,59,09/03/2021,0.0,0.0,102,14892
29,59,09/04/2021,0.0,0.0,102,14892
29,59,09/05/2021,0.58,26.4,102,14892
29,59,09/06/2021,0.44,0.0,102,14892
29,59,09/07/2021,0.0,0.0,102,14892
29,59,09/08/2021,0.0,0.0,102,14892
29,59,09/09/2021,0.0,19.7,102,14892
29,59,09/10/2021,0.0,19.7,102,14892
29,59,09/11/2021,0.0,0.0,102,14892
29,59,09/12/2021,0.07,32.2,102,14892
29,59,09/13/2021,0.0,0.0,102,14892
29,59,09/14/2021,0.83,26.4,102,14892
29,59,09/15/2021,0.99,28.5,102,14892
29,59,09/16/2021,0.06,19.7,102,14892
29,59,09/17/2021,0.21,17.2,102,14892
29,59,09/18/2021,0.14,0.0,102,14892
29,59,09/19/2021,0.14,0.0,102,14892
29,59,09/20/2021,0.0,0.0,102,14892
29,59,09/21/2021,0.55,34.8,102,14892
29,59,09/22/2021,0.0,27.0,102,14892
29,59,09/23/2021,0.0,0.0,102,14892
29,59,09/24/2021,0.0,0.0,102,14892
29,59,09/25/2021,0.0,0.0,102,14892
29,59,09/26/2021,0.0,0.0,102,14892
29,59,09/27/2021,0.0,0.0,102,14892
30,61,08/22/2021,0.04,0.0,256,46742
30,61,08/23/2021,0.0,0.0,256,46742
30,61,08/24/2021,0.0,0.0,256,46742
30,61,08/25/2021,0.27,0.0,256,46742
30,61,08/26/2021,0.07,0.0,256,46742
30,61,08/27/2021,0.0,0.0,256,46742
30,61,08/28/2021,0.43,0.0,256,46742
30,61,08/29/2021,0.06,16.1,256,46742
30,61,08/30/2021,0.51,36.7,256,46742
30,61,08/31/2021,0.04,0.0,256,46742
30,61,09/01/2021,0.0,32.2,256,46742
30,61,09/02/2021,0.0,0.0,256,46742
30,61,09/03/2021,0.0,0.0,256,46742
30,61,09/04/2021,0.04,0.0,256,46742
30,61,09/05/2021,0.24,29.5,256,46742
30,61,09/06/2021,0.0,0.0,256,46742
30,61,09/07/2021,0.0,0.0,256,46742
30,61,09/08/2021,0.0,0.0,256,46742
30,61,09/09/2021,0.0,0.0,256,46742
30,61,09/10/2021,0.0,0.0,256,46742
30,61,09/11/2021,0.0,0.0,256,46742
30,61,09/12/2021,0.0,0.0,256,46742
30,61,09/13/2021,0.0,0.0,256,46742
30,61,09/14/2021,0.12,23.0,256,46742
30,61,09/15/2021,0.0,17.2,256,46742
30,61,09/16/2021,0.0,16.1,256,46742
30,61,09/17/2021,1.24,0.0,256,46742
30,61,09/18/2021,0.59,0.0,256,46742
30,61,09/19/2021,0.7,0.0,256,46742
30,61,09/20/2021,0.0,0.0,256,46742
30,61,09/21/2021,0.54,31.1,256,46742
30,61,09/22/2021,0.0,20.6,256,46742
30,61,09/23/2021,0.0,0.0,256,46742
30,61,09/24/2021,0.0,0.0,256,46742
30,61,09/25/2021,0.0,0.0,256,46742
30,61,09/26/2021,0.0,0.0,256,46742
30,61,09/27/2021,0.0,0.0,256,46742
31,63,08/22/2021,0.0,0.0,16,140789
31,63,08/23/2021,0.17,20.8,16,140789
31,63,08/24/2021,0.0,18.3,16,140789
31,63,08/25/2021,0.51,39.1,16,140789
31,63,08/26/2021,0.18,33.3,16,140789
31,63,08/27/2021,0.16,26.4,16,140789
31,63,08/28/2021,0.13,21.9,16,140789
31,63,08/29/2021,2.57,55.8,16,140789
31,63,08/30/2021,2.03,50.1,16,140789
31,63,08/31/2021,0.46,0.0,16,140789
31,63,09/01/2021,0.0,20.8,16,140789
31,63,09/02/2021,0.0,0.0,16,140789
31,63,09/03/2021,0.0,0.0,16,140789
31,63,09/04/2021,0.0,16.1,16,140789
31,63,09/05/2021,0.0,40.3,16,140789
31,63,09/06/2021,0.19,17.2,16,140789
31,63,09/07/2021,0.0,20.8,16,140789
31,63,09/08/2021,0.0,0.0,16,140789
31,63,09/09/2021,0.0,21.9,16,140789
31,63,09/10/2021,0.0,17.2,16,140789
31,63,09/11/2021,0.0,20.8,16,140789
31,63,09/12/2021,0.35,29.9,16,140789
31,63,09/13/2021,0.4,0.0,16,140789
31,63,09/14/2021,1.73,35.6,16,140789
31,63,09/15/2021,2.15,34.4,16,140789
31,63,09/16/2021,0.79,24.2,16,140789
31,63,09/17/2021,0.6,20.8,16,140789
31,63,09/18/2021,0.63,0.0,16,140789
31,63,09/19/2021,0.21,0.0,16,140789
31,63,09/20/2021,0.04,0.0,16,140789
31,63,09/21/2021,0.21,25.8,16,140789
31,63,09/22/2021,0.01,25.9,16,140789
31,63,09/23/2021,0.0,24.2,16,140789
31,63,09/24/2021,0.0,0.0,16,140789
31,63,09/25/2021,0.0,0.0,16,140789
31,63,09/26/2021,0.0,0.0,16,140789
31,63,09/27/2021,0.12,0.0,16,140789
32,65,08/22/2021,0.01,24.2,115,10951
32,65,08/23/2021,0.0,18.3,115,10951
32,65,08/24/2021,0.0,25.3,115,10951
32,65,08/25/2021,0.0,17.2,115,10951
32,65,08/26/2021,0.02,19.7,115,10951
32,65,08/27/2021,0.0,36.7,115,10951
32,65,08/28/2021,0.05,33.3,115,10951
32,65,08/29/2021,0.07,29.9,115,10951
32,65,08/30/2021,0.34,37.4,115,10951
32,65,08/31/2021,0.03,0.0,115,10951
32,65,09/01/2021,0.51,45.9,115,10951
32,65,09/02/2021,0.9,0.0,115,10951
32,65,09/03/2021,0.0,0.0,115,10951
32,65,09/04/2021,0.0,0.0,115,10951
32,65,09/05/2021,1.16,39.1,115,10951
32,65,09/06/2021,0.0,19.7,115,10951
32,65,09/07/2021,0.0,0.0,115,10951
32,65,09/08/2021,0.0,0.0,115,10951
32,65,09/09/2021,0.0,18.3,115,10951
32,65,09/10/2021,0.0,0.0,115,10951
32,65,09/11/2021,0.0,0.0,115,10951
32,65,09/12/2021,0.0,18.3,115,10951
32,65,09/13/2021,0.0,0.0,115,10951
32,65,09/14/2021,0.35,21.9,115,10951
32,65,09/15/2021,0.04,21.9,115,10951
32,65,09/16/2021,0.0,0.0,115,10951
32,65,09/17/2021,0.06,0.0,115,10951
32,65,09/18/2021,0.05,0.0,115,10951
32,65,09/19/2021,0.53,0.0,115,10951
32,65,09/20/2021,0.52,0.0,115,10951
32,65,09/21/2021,0.11,28.2,115,10951
32,65,09/22/2021,0.03,28.7,115,10951
32,65,09/23/2021,0.0,17.2,115,10951
32,65,09/24/2021,0.0,0.0,115,10951
32,65,09/25/2021,0.0,0.0,115,10951
32,65,09/26/2021,0.0,0.0,115,10951
32,65,09/27/2021,0.0,0.0,115,10951
33,67,08/22/2021,0.05,24.2,89,24874
33,67,08/23/2021,0.0,0.0,89,24874
33,67,08/24/2021,0.0,0.0,89,24874
33,67,08/25/2021,0.0,0.0,89,24874
33,67,08/26/2021,0.09,19.7,89,24874
33,67,08/27/2021,0.0,26.4,89,24874
33,67,08/28/2021,0.21,0.0,89,24874
33,67,08/29/2021,0.03,28.9,89,24874
33,67,08/30/2021,0.33,36.8,89,24874
33,67,08/31/2021,0.0,0.0,89,24874
33,67,09/01/2021,0.0,32.2,89,24874
33,67,09/02/2021,0.0,0.0,89,24874
33,67,09/03/2021,0.0,0.0,89,24874
33,67,09/04/2021,0.0,0.0,89,24874
33,67,09/05/2021,0.32,39.1,89,24874
33,67,09/06/2021,0.0,19.7,89,24874
33,67,09/07/2021,0.0,0.0,89,24874
33,67,09/08/2021,0.0,0.0,89,24874
33,67,09/09/2021,0.0,18.3,89,24874
33,67,09/10/2021,0.0,0.0,89,24874
33,67,09/11/2021,0.0,0.0,89,24874
33,67,09/12/2021,0.0,0.0,89,24874
33,67,09/13/2021,0.0,0.0,89,24874
33,67,09/14/2021,0.05,0.0,89,24874
33,67,09/15/2021,0.0,21.9,89,24874
33,67,09/16/2021,0.0,0.0,89,24874
33,67,09/17/2021,0.91,0.0,89,24874
33,67,09/18/2021,0.16,0.0,89,24874
33,67,09/19/2021,0.52,0.0,89,24874
33,67,09/20/2021,0.0,0.0,89,24874
33,67,09/21/2021,0.37,28.1,89,24874
33,67,09/22/2021,0.0,25.3,89,24874
33,67,09/23/2021,0.0,16.1,89,24874
33,67,09/24/2021,0.0,0.0,89,24874
33,67,09/25/2021,0.0,0.0,89,24874
33,67,09/26/2021,0.0,0.0,89,24874
33,67,09/27/2021,0.0,0.0,89,24874
34,69,08/22/2021,0.0,0.0,118,38158
34,69,08/23/2021,0.2,0.0,118,38158
34,69,08/24/2021,0.68,0.0,118,38158
34,69,08/25/2021,0.0,0.0,118,38158
34,69,08/26/2021,0.01,29.8,118,38158
34,69,08/27/2021,0.02,27.1,118,38158
34,69,08/28/2021,0.57,33.3,118,38158
34,69,08/29/2021,0.4,31.1,118,38158
34,69,08/30/2021,0.09,30.6,118,38158
34,69,08/31/2021,0.0,0.0,118,38158
34,69,09/01/2021,0.0,0.0,118,38158
34,69,09/02/2021,0.38,31.1,118,38158
34,69,09/03/2021,0.1,0.0,118,38158
34,69,09/04/2021,0.0,0.0,118,38158
34,69,09/05/2021,0.34,25.3,118,38158
34,69,09/06/2021,0.06,0.0,118,38158
34,69,09/07/2021,0.0,0.0,118,38158
34,69,09/08/2021,0.0,0.0,118,38158
34,69,09/09/2021,0.0,16.1,118,38158
34,69,09/10/2021,0.0,20.8,118,38158
34,69,09/11/2021,0.0,0.0,118,38158
34,69,09/12/2021,0.04,32.2,118,38158
34,69,09/13/2021,0.09,0.0,118,38158
34,69,09/14/2021,0.71,24.2,118,38158
34,69,09/15/2021,0.45,25.3,118,38158
34,69,09/16/2021,0.11,0.0,118,38158
34,69,09/17/2021,0.55,0.0,118,38158
34,69,09/18/2021,0.14,0.0,118,38158
34,69,09/19/2021,1.14,0.0,118,38158
34,69,09/20/2021,0.0,0.0,118,38158
34,69,09/21/2021,0.44,25.3,118,38158
34,69,09/22/2021,0.0,29.8,118,38158
34,69,09/23/2021,0.0,0.0,118,38158
34,69,09/24/2021,0.0,0.0,118,38158
34,69,09/25/2021,0.0,0.0,118,38158
34,69,09/26/2021,0.0,0.0,118,38158
34,69,09/27/2021,0.0,0.0,118,38158
35,71,08/22/2021,0.0,0.0,0,390144
35,71,08/23/2021,0.21,35.6,0,390144
35,71,08/24/2021,0.02,0.0,0,390144
35,71,08/25/2021,0.07,36.7,0,390144
35,71,08/26/2021,0.56,29.6,0,390144
35,71,08/27/2021,0.45,29.8,0,390144
35,71,08/28/2021,0.18,31.1,0,390144
35,71,08/29/2021,6.52,84.3,0,390144
35,71,08/30/2021,1.55,55.3,0,390144
35,71,08/31/2021,0.3,23.0,0,390144
35,71,09/01/2021,0.33,33.3,0,390144
35,71,09/02/2021,0.63,29.8,0,390144
35,71,09/03/2021,0.0,0.0,0,390144
35,71,09/04/2021,0.0,0.0,0,390144
35,71,09/05/2021,0.01,0.0,0,390144
35,71,09/06/2021,0.02,43.6,0,390144
35,71,09/07/2021,0.29,0.0,0,390144
35,71,09/08/2021,0.0,0.0,0,390144
35,71,09/09/2021,0.0,19.7,0,390144
35,71,09/10/2021,0.0,17.2,0,390144
35,71,09/11/2021,0.0,20.8,0,390144
35,71,09/12/2021,0.07,29.8,0,390144
35,71,09/13/2021,0.0,0.0,0,390144
35,71,09/14/2021,2.35,26.4,0,390144
35,71,09/15/2021,2.29,33.3,0,390144
35,71,09/16/2021,0.01,29.8,0,390144
35,71,09/17/2021,0.13,40.3,0,390144
35,71,09/18/2021,0.64,0.0,0,390144
35,71,09/19/2021,0.15,0.0,0,390144
35,71,09/20/2021,0.13,0.0,0,390144
35,71,09/21/2021,0.11,35.6,0,390144
35,71,09/22/2021,0.0,35.6,0,390144
35,71,09/23/2021,0.0,33.5,0,390144
35,71,09/24/2021,0.0,0.0,0,390144
35,71,09/25/2021,0.0,0.0,0,390144
35,71,09/26/2021,0.0,0.0,0,390144
35,71,09/27/2021,0.0,31.1,0,390144
36,73,08/22/2021,0.02,24.2,177,153279
36,73,08/23/2021,0.0,0.0,177,153279
36,73,08/24/2021,0.0,0.0,177,153279
36,73,08/25/2021,0.04,0.0,177,153279
36,73,08/26/2021,0.17,19.7,177,153279
36,73,08/27/2021,0.0,26.4,177,153279
36,73,08/28/2021,0.4,0.0,177,153279
36,73,08/29/2021,0.06,28.9,177,153279
36,73,08/30/2021,0.49,36.8,177,153279
36,73,08/31/2021,0.0,0.0,177,153279
36,73,09/01/2021,0.0,32.2,177,153279
36,73,09/02/2021,0.0,0.0,177,153279
36,73,09/03/2021,0.0,0.0,177,153279
36,73,09/04/2021,0.01,0.0,177,153279
36,73,09/05/2021,0.31,39.1,177,153279
36,73,09/06/2021,0.0,19.7,177,153279
36,73,09/07/2021,0.0,0.0,177,153279
36,73,09/08/2021,0.0,0.0,177,153279
36,73,09/09/2021,0.0,18.3,177,153279
36,73,09/10/2021,0.0,0.0,177,153279
36,73,09/11/2021,0.0,0.0,177,153279
36,73,09/12/2021,0.0,0.0,177,153279
36,73,09/13/2021,0.0,0.0,177,153279
36,73,09/14/2021,0.1,0.0,177,153279
36,73,09/15/2021,0.0,21.9,177,153279
36,73,09/16/2021,0.0,0.0,177,153279
36,73,09/17/2021,0.61,0.0,177,153279
36,73,09/18/2021,0.19,0.0,177,153279
36,73,09/19/2021,0.45,0.0,177,153279
36,73,09/20/2021,0.0,0.0,177,153279
36,73,09/21/2021,0.09,28.5,177,153279
36,73,09/22/2021,0.0,25.3,177,153279
36,73,09/23/2021,0.0,16.1,177,153279
36,73,09/24/2021,0.0,0.0,177,153279
36,73,09/25/2021,0.0,0.0,177,153279
36,73,09/26/2021,0.0,0.0,177,153279
36,73,09/27/2021,0.0,0.0,177,153279
37,75,08/22/2021,0.0,10.3,3,23197
37,75,08/23/2021,1.15,19.7,3,23197
37,75,08/24/2021,0.24,15.0,3,23197
37,75,08/25/2021,0.47,18.9,3,23197
37,75,08/26/2021,0.62,22.4,3,23197
37,75,08/27/2021,0.37,35.4,3,23197
37,75,08/28/2021,0.85,32.2,3,23197
37,75,08/29/2021,3.38,67.4,3,23197
37,75,08/30/2021,0.0,44.1,3,23197
37,75,08/31/2021,0.0,26.7,3,23197
37,75,09/01/2021,0.42,18.1,3,23197
37,75,09/02/2021,0.09,17.7,3,23197
37,75,09/03/2021,0.0,9.3,3,23197
37,75,09/04/2021,0.0,9.5,3,23197
37,75,09/05/2021,0.01,10.1,3,23197
37,75,09/06/2021,0.0,19.8,3,23197
37,75,09/07/2021,0.01,14.7,3,23197
37,75,09/08/2021,0.0,9.7,3,23197
37,75,09/09/2021,0.0,14.8,3,23197
37,75,09/10/2021,0.0,16.1,3,23197
37,75,09/11/2021,0.0,18.2,3,23197
37,75,09/12/2021,0.54,27.3,3,23197
37,75,09/13/2021,0.0,18.3,3,23197
37,75,09/14/2021,0.0,24.3,3,23197
37,75,09/15/2021,0.53,22.5,3,23197
37,75,09/16/2021,0.01,21.4,3,23197
37,75,09/17/2021,0.68,17.4,3,23197
37,75,09/18/2021,0.54,12.0,3,23197
37,75,09/19/2021,0.91,11.4,3,23197
37,75,09/20/2021,0.01,13.4,3,23197
37,75,09/21/2021,0.47,21.4,3,23197
37,75,09/22/2021,0.0,26.0,3,23197
37,75,09/23/2021,0.0,24.7,3,23197
37,75,09/24/2021,0.0,15.1,3,23197
37,75,09/25/2021,0.0,15.3,3,23197
37,75,09/26/2021,0.0,13.4,3,23197
37,75,09/27/2021,0.0,14.2,3,23197
38,77,08/22/2021,0.0,0.0,20,21730
38,77,08/23/2021,0.19,0.0,20,21730
38,77,08/24/2021,0.31,52.8,20,21730
38,77,08/25/2021,0.75,39.1,20,21730
38,77,08/26/2021,0.36,23.0,20,21730
38,77,08/27/2021,0.19,17.2,20,21730
38,77,08/28/2021,0.24,19.7,20,21730
38,77,08/29/2021,0.79,41.1,20,21730
38,77,08/30/2021,0.64,41.1,20,21730
38,77,08/31/2021,2.08,0.0,20,21730
38,77,09/01/2021,0.15,0.0,20,21730
38,77,09/02/2021,0.14,21.9,20,21730
38,77,09/03/2021,0.0,0.0,20,21730
38,77,09/04/2021,0.0,0.0,20,21730
38,77,09/05/2021,0.0,0.0,20,21730
38,77,09/06/2021,0.28,0.0,20,21730
38,77,09/07/2021,0.03,20.8,20,21730
38,77,09/08/2021,0.0,0.0,20,21730
38,77,09/09/2021,0.0,21.9,20,21730
38,77,09/10/2021,0.0,9.2,20,21730
38,77,09/11/2021,0.0,16.1,20,21730
38,77,09/12/2021,0.16,16.1,20,21730
38,77,09/13/2021,0.46,17.2,20,21730
38,77,09/14/2021,2.44,21.9,20,21730
38,77,09/15/2021,2.04,18.3,20,21730
38,77,09/16/2021,1.39,0.0,20,21730
38,77,09/17/2021,0.02,0.0,20,21730
38,77,09/18/2021,0.15,0.0,20,21730
38,77,09/19/2021,0.02,0.0,20,21730
38,77,09/20/2021,0.0,0.0,20,21730
38,77,09/21/2021,0.49,32.2,20,21730
38,77,09/22/2021,0.09,42.5,20,21730
38,77,09/23/2021,0.0,19.7,20,21730
38,77,09/24/2021,0.0,0.0,20,21730
38,77,09/25/2021,0.0,0.0,20,21730
38,77,09/26/2021,0.0,0.0,20,21730
38,77,09/27/2021,0.11,0.0,20,21730
39,79,08/22/2021,0.0,0.0,161,129648
39,79,08/23/2021,0.0,0.0,161,129648
39,79,08/24/2021,0.04,0.0,161,129648
39,79,08/25/2021,0.0,0.0,161,129648
39,79,08/26/2021,0.17,29.8,161,129648
39,79,08/27/2021,0.06,26.9,161,129648
39,79,08/28/2021,0.03,32.7,161,129648
39,79,08/29/2021,0.02,26.3,161,129648
39,79,08/30/2021,0.09,32.2,161,129648
39,79,08/31/2021,0.0,17.2,161,129648
39,79,09/01/2021,0.0,0.0,161,129648
39,79,09/02/2021,0.56,39.1,161,129648
39,79,09/03/2021,0.1,0.0,161,129648
39,79,09/04/2021,0.0,0.0,161,129648
39,79,09/05/2021,0.82,26.4,161,129648
39,79,09/06/2021,0.28,0.0,161,129648
39,79,09/07/2021,0.0,0.0,161,129648
39,79,09/08/2021,0.0,0.0,161,129648
39,79,09/09/2021,0.0,19.7,161,129648
39,79,09/10/2021,0.0,19.7,161,129648
39,79,09/11/2021,0.0,0.0,161,129648
39,79,09/12/2021,0.13,32.2,161,129648
39,79,09/13/2021,0.0,0.0,161,129648
39,79,09/14/2021,1.16,27.3,161,129648
39,79,09/15/2021,0.99,28.9,161,129648
39,79,09/16/2021,0.06,19.7,161,129648
39,79,09/17/2021,0.49,17.2,161,129648
39,79,09/18/2021,0.35,0.0,161,129648
39,79,09/19/2021,0.08,0.0,161,129648
39,79,09/20/2021,0.05,0.0,161,129648
39,79,09/21/2021,0.37,39.6,161,129648
39,79,09/22/2021,0.01,29.5,161,129648
39,79,09/23/2021,0.0,0.0,161,129648
39,79,09/24/2021,0.0,0.0,161,129648
39,79,09/25/2021,0.0,0.0,161,129648
39,79,09/26/2021,0.0,0.0,161,129648
39,79,09/27/2021,0.0,0.0,161,129648
40,81,08/22/2021,0.0,0.0,164,8442
40,81,08/23/2021,0.0,0.0,164,8442
40,81,08/24/2021,0.0,0.0,164,8442
40,81,08/25/2021,0.18,0.0,164,8442
40,81,08/26/2021,0.0,25.3,164,8442
40,81,08/27/2021,0.0,17.2,164,8442
40,81,08/28/2021,0.29,32.2,164,8442
40,81,08/29/2021,0.59,33.3,164,8442
40,81,08/30/2021,0.01,27.7,164,8442
40,81,08/31/2021,0.0,0.0,164,8442
40,81,09/01/2021,0.0,0.0,164,8442
40,81,09/02/2021,0.16,17.2,164,8442
40,81,09/03/2021,0.0,0.0,164,8442
40,81,09/04/2021,0.0,0.0,164,8442
40,81,09/05/2021,0.17,25.3,164,8442
40,81,09/06/2021,0.01,0.0,164,8442
40,81,09/07/2021,0.0,0.0,164,8442
40,81,09/08/2021,0.0,0.0,164,8442
40,81,09/09/2021,0.0,16.1,164,8442
40,81,09/10/2021,0.0,0.0,164,8442
40,81,09/11/2021,0.0,0.0,164,8442
40,81,09/12/2021,0.0,0.0,164,8442
40,81,09/13/2021,0.08,0.0,164,8442
40,81,09/14/2021,0.29,23.0,164,8442
40,81,09/15/2021,0.01,24.2,164,8442
40,81,09/16/2021,0.0,0.0,164,8442
40,81,09/17/2021,0.31,0.0,164,8442
40,81,09/18/2021,1.39,0.0,164,8442
40,81,09/19/2021,0.0,0.0,164,8442
40,81,09/20/2021,0.0,0.0,164,8442
40,81,09/21/2021,0.18,27.7,164,8442
40,81,09/22/2021,0.0,25.3,164,8442
40,81,09/23/2021,0.0,0.0,164,8442
40,81,09/24/2021,0.0,0.0,164,8442
40,81,09/25/2021,0.0,31.1,164,8442
40,81,09/26/2021,0.0,0.0,164,8442
40,81,09/27/2021,0.0,0.0,164,8442
41,83,08/22/2021,0.03,24.2,69,20122
41,83,08/23/2021,0.0,18.3,69,20122
41,83,08/24/2021,0.0,25.3,69,20122
41,83,08/25/2021,0.0,17.2,69,20122
41,83,08/26/2021,0.16,19.7,69,20122
41,83,08/27/2021,0.0,36.9,69,20122
41,83,08/28/2021,0.36,0.0,69,20122
41,83,08/29/2021,0.06,30.0,69,20122
41,83,08/30/2021,0.44,36.5,69,20122
41,83,08/31/2021,0.0,0.0,69,20122
41,83,09/01/2021,0.08,32.2,69,20122
41,83,09/02/2021,0.0,0.0,69,20122
41,83,09/03/2021,0.0,0.0,69,20122
41,83,09/04/2021,0.0,0.0,69,20122
41,83,09/05/2021,0.41,39.1,69,20122
41,83,09/06/2021,0.0,19.7,69,20122
41,83,09/07/2021,0.0,0.0,69,20122
41,83,09/08/2021,0.0,0.0,69,20122
41,83,09/09/2021,0.0,18.3,69,20122
41,83,09/10/2021,0.0,0.0,69,20122
41,83,09/11/2021,0.0,0.0,69,20122
41,83,09/12/2021,0.0,18.3,69,20122
41,83,09/13/2021,0.0,0.0,69,20122
41,83,09/14/2021,0.11,21.9,69,20122
41,83,09/15/2021,0.01,21.9,69,20122
41,83,09/16/2021,0.0,0.0,69,20122
41,83,09/17/2021,0.61,0.0,69,20122
41,83,09/18/2021,0.15,0.0,69,20122
41,83,09/19/2021,0.47,0.0,69,20122
41,83,09/20/2021,0.05,0.0,69,20122
41,83,09/21/2021,0.13,28.1,69,20122
41,83,09/22/2021,0.0,27.7,69,20122
41,83,09/23/2021,0.0,17.2,69,20122
41,83,09/24/2021,0.0,0.0,69,20122
41,83,09/25/2021,0.0,0.0,69,20122
41,83,09/26/2021,0.0,0.0,69,20122
41,83,09/27/2021,0.0,0.0,69,20122
42,85,08/22/2021,0.0,0.0,341,23884
42,85,08/23/2021,0.24,0.0,341,23884
42,85,08/24/2021,0.68,0.0,341,23884
42,85,08/25/2021,0.0,0.0,341,23884
42,85,08/26/2021,0.06,35.8,341,23884
42,85,08/27/2021,0.0,17.2,341,23884
42,85,08/28/2021,0.61,18.8,341,23884
42,85,08/29/2021,0.24,20.8,341,23884
42,85,08/30/2021,0.06,27.7,341,23884
42,85,08/31/2021,0.0,0.0,341,23884
42,85,09/01/2021,0.09,0.0,341,23884
42,85,09/02/2021,0.32,31.1,341,23884
42,85,09/03/2021,0.1,0.0,341,23884
42,85,09/04/2021,0.0,0.0,341,23884
42,85,09/05/2021,0.16,25.3,341,23884
42,85,09/06/2021,0.05,0.0,341,23884
42,85,09/07/2021,0.0,0.0,341,23884
42,85,09/08/2021,0.0,0.0,341,23884
42,85,09/09/2021,0.0,16.1,341,23884
42,85,09/10/2021,0.0,20.8,341,23884
42,85,09/11/2021,0.0,0.0,341,23884
42,85,09/12/2021,0.0,0.0,341,23884
42,85,09/13/2021,0.05,0.0,341,23884
42,85,09/14/2021,1.5,23.0,341,23884
42,85,09/15/2021,0.38,24.4,341,23884
42,85,09/16/2021,0.12,0.0,341,23884
42,85,09/17/2021,0.58,0.0,341,23884
42,85,09/18/2021,0.0,0.0,341,23884
42,85,09/19/2021,1.47,0.0,341,23884
42,85,09/20/2021,0.0,0.0,341,23884
42,85,09/21/2021,0.34,25.3,341,23884
42,85,09/22/2021,0.0,25.3,341,23884
42,85,09/23/2021,0.0,0.0,341,23884
42,85,09/24/2021,0.0,0.0,341,23884
42,85,09/25/2021,0.0,0.0,341,23884
42,85,09/26/2021,0.0,0.0,341,23884
42,85,09/27/2021,0.0,17.2,341,23884
43,87,08/22/2021,0.0,0.0,-3,47244
43,87,08/23/2021,0.87,25.6,-3,47244
43,87,08/24/2021,0.19,0.0,-3,47244
43,87,08/25/2021,0.27,36.7,-3,47244
43,87,08/26/2021,1.04,31.3,-3,47244
43,87,08/27/2021,0.37,29.8,-3,47244
43,87,08/28/2021,0.44,31.1,-3,47244
43,87,08/29/2021,6.63,82.1,-3,47244
43,87,08/30/2021,0.9,54.4,-3,47244
43,87,08/31/2021,0.28,26.4,-3,47244
43,87,09/01/2021,0.39,33.3,-3,47244
43,87,09/02/2021,0.32,29.8,-3,47244
43,87,09/03/2021,0.0,12.8,-3,47244
43,87,09/04/2021,0.0,9.2,-3,47244
43,87,09/05/2021,0.04,13.9,-3,47244
43,87,09/06/2021,0.06,43.6,-3,47244
43,87,09/07/2021,0.26,6.9,-3,47244
43,87,09/08/2021,0.0,4.7,-3,47244
43,87,09/09/2021,0.0,20.8,-3,47244
43,87,09/10/2021,0.0,19.7,-3,47244
43,87,09/11/2021,0.0,19.7,-3,47244
43,87,09/12/2021,0.19,29.8,-3,47244
43,87,09/13/2021,0.0,19.7,-3,47244
43,87,09/14/2021,2.08,35.6,-3,47244
43,87,09/15/2021,2.36,31.5,-3,47244
43,87,09/16/2021,0.01,29.8,-3,47244
43,87,09/17/2021,0.51,40.3,-3,47244
43,87,09/18/2021,0.61,0.0,-3,47244
43,87,09/19/2021,0.83,0.0,-3,47244
43,87,09/20/2021,0.1,0.0,-3,47244
43,87,09/21/2021,0.48,35.6,-3,47244
43,87,09/22/2021,0.0,32.6,-3,47244
43,87,09/23/2021,0.0,31.0,-3,47244
43,87,09/24/2021,0.0,4.7,-3,47244
43,87,09/25/2021,0.0,2.2,-3,47244
43,87,09/26/2021,0.0,0.0,-3,47244
43,87,09/27/2021,0.0,31.1,-3,47244
44,89,08/22/2021,0.0,0.0,7,53100
44,89,08/23/2021,0.22,0.0,7,53100
44,89,08/24/2021,0.04,0.0,7,53100
44,89,08/25/2021,0.04,36.7,7,53100
44,89,08/26/2021,0.55,31.4,7,53100
44,89,08/27/2021,0.11,29.8,7,53100
44,89,08/28/2021,0.05,31.1,7,53100
44,89,08/29/2021,4.58,85.2,7,53100
44,89,08/30/2021,0.14,58.9,7,53100
44,89,08/31/2021,0.13,23.0,7,53100
44,89,09/01/2021,0.06,33.3,7,53100
44,89,09/02/2021,0.05,19.7,7,53100
44,89,09/03/2021,0.0,0.0,7,53100
44,89,09/04/2021,0.0,0.0,7,53100
44,89,09/05/2021,0.0,0.0,7,53100
44,89,09/06/2021,0.07,43.6,7,53100
44,89,09/07/2021,0.03,0.0,7,53100
44,89,09/08/2021,0.0,0.0,7,53100
44,89,09/09/2021,0.0,19.7,7,53100
44,89,09/10/2021,0.0,17.2,7,53100
44,89,09/11/2021,0.0,20.8,7,53100
44,89,09/12/2021,0.42,29.8,7,53100
44,89,09/13/2021,0.0,0.0,7,53100
44,89,09/14/2021,1.96,35.6,7,53100
44,89,09/15/2021,3.07,34.2,7,53100
44,89,09/16/2021,0.0,29.8,7,53100
44,89,09/17/2021,0.58,40.3,7,53100
44,89,09/18/2021,0.8,0.0,7,53100
44,89,09/19/2021,0.95,0.0,7,53100
44,89,09/20/2021,0.14,0.0,7,53100
44,89,09/21/2021,0.34,35.6,7,53100
44,89,09/22/2021,0.0,27.9,7,53100
44,89,09/23/2021,0.0,25.2,7,53100
44,89,09/24/2021,0.0,0.0,7,53100
44,89,09/25/2021,0.0,0.0,7,53100
44,89,09/26/2021,0.0,0.0,7,53100
44,89,09/27/2021,0.0,31.1,7,53100
45,91,08/22/2021,0.0,0.0,233,10132
45,91,08/23/2021,0.12,20.8,233,10132
45,91,08/24/2021,0.0,18.3,233,10132
45,91,08/25/2021,0.67,39.1,233,10132
45,91,08/26/2021,0.09,23.0,233,10132
45,91,08/27/2021,0.2,18.3,233,10132
45,91,08/28/2021,0.08,19.7,233,10132
45,91,08/29/2021,1.34,47.2,233,10132
45,91,08/30/2021,4.17,44.9,233,10132
45,91,08/31/2021,0.79,0.0,233,10132
45,91,09/01/2021,0.0,0.0,233,10132
45,91,09/02/2021,0.0,21.9,233,10132
45,91,09/03/2021,0.0,0.0,233,10132
45,91,09/04/2021,0.0,16.1,233,10132
45,91,09/05/2021,0.0,40.3,233,10132
45,91,09/06/2021,0.39,17.2,233,10132
45,91,09/07/2021,0.0,20.8,233,10132
45,91,09/08/2021,0.0,0.0,233,10132
45,91,09/09/2021,0.0,21.9,233,10132
45,91,09/10/2021,0.0,9.2,233,10132
45,91,09/11/2021,0.0,16.1,233,10132
45,91,09/12/2021,0.16,23.0,233,10132
45,91,09/13/2021,0.34,17.2,233,10132
45,91,09/14/2021,1.48,21.9,233,10132
45,91,09/15/2021,2.31,20.8,233,10132
45,91,09/16/2021,0.68,16.1,233,10132
45,91,09/17/2021,1.47,16.1,233,10132
45,91,09/18/2021,0.9,0.0,233,10132
45,91,09/19/2021,0.0,0.0,233,10132
45,91,09/20/2021,0.0,0.0,233,10132
45,91,09/21/2021,0.2,25.8,233,10132
45,91,09/22/2021,0.0,24.5,233,10132
45,91,09/23/2021,0.0,19.7,233,10132
45,91,09/24/2021,0.0,0.0,233,10132
45,91,09/25/2021,0.0,0.0,233,10132
45,91,09/26/2021,0.0,0.0,233,10132
45,91,09/27/2021,0.09,0.0,233,10132
46,93,08/22/2021,0.0,0.0,13,21096
46,93,08/23/2021,0.09,0.0,13,21096
46,93,08/24/2021,0.42,37.8,13,21096
46,93,08/25/2021,0.86,17.2,13,21096
46,93,08/26/2021,0.55,33.3,13,21096
46,93,08/27/2021,0.16,26.4,13,21096
46,93,08/28/2021,0.14,25.6,13,21096
46,93,08/29/2021,4.64,74.1,13,21096
46,93,08/30/2021,0.18,56.0,13,21096
46,93,08/31/2021,0.13,0.0,13,21096
46,93,09/01/2021,0.01,20.8,13,21096
46,93,09/02/2021,0.62,0.0,13,21096
46,93,09/03/2021,0.0,0.0,13,21096
46,93,09/04/2021,0.0,0.0,13,21096
46,93,09/05/2021,0.03,0.0,13,21096
46,93,09/06/2021,0.07,0.0,13,21096
46,93,09/07/2021,0.02,20.8,13,21096
46,93,09/08/2021,0.0,0.0,13,21096
46,93,09/09/2021,0.0,21.9,13,21096
46,93,09/10/2021,0.0,17.2,13,21096
46,93,09/11/2021,0.0,20.8,13,21096
46,93,09/12/2021,0.45,26.6,13,21096
46,93,09/13/2021,0.2,17.2,13,21096
46,93,09/14/2021,2.75,35.6,13,21096
46,93,09/15/2021,2.61,34.4,13,21096
46,93,09/16/2021,0.35,24.2,13,21096
46,93,09/17/2021,0.89,20.8,13,21096
46,93,09/18/2021,1.57,19.7,13,21096
46,93,09/19/2021,0.96,0.0,13,21096
46,93,09/20/2021,0.3,0.0,13,21096
46,93,09/21/2021,0.45,24.2,13,21096
46,93,09/22/2021,0.04,28.9,13,21096
46,93,09/23/2021,0.0,24.2,13,21096
46,93,09/24/2021,0.07,0.0,13,21096
46,93,09/25/2021,0.0,0.0,13,21096
46,93,09/26/2021,0.0,0.0,13,21096
46,93,09/27/2021,0.06,0.0,13,21096
47,95,08/22/2021,0.0,0.0,0,42837
47,95,08/23/2021,0.03,20.8,0,42837
47,95,08/24/2021,0.0,0.0,0,42837
47,95,08/25/2021,0.01,30.0,0,42837
47,95,08/26/2021,0.46,30.5,0,42837
47,95,08/27/2021,0.12,29.8,0,42837
47,95,08/28/2021,0.08,21.9,0,42837
47,95,08/29/2021,5.62,79.7,0,42837
47,95,08/30/2021,0.38,59.1,0,42837
47,95,08/31/2021,0.18,23.0,0,42837
47,95,09/01/2021,0.1,33.3,0,42837
47,95,09/02/2021,0.15,29.8,0,42837
47,95,09/03/2021,0.0,0.0,0,42837
47,95,09/04/2021,0.0,16.1,0,42837
47,95,09/05/2021,0.02,40.3,0,42837
47,95,09/06/2021,0.07,43.6,0,42837
47,95,09/07/2021,0.1,0.0,0,42837
47,95,09/08/2021,0.0,0.0,0,42837
47,95,09/09/2021,0.0,19.7,0,42837
47,95,09/10/2021,0.0,17.2,0,42837
47,95,09/11/2021,0.0,20.8,0,42837
47,95,09/12/2021,0.36,29.8,0,42837
47,95,09/13/2021,0.0,0.0,0,42837
47,95,09/14/2021,1.96,35.6,0,42837
47,95,09/15/2021,2.83,33.0,0,42837
47,95,09/16/2021,0.01,29.8,0,42837
47,95,09/17/2021,0.7,20.8,0,42837
47,95,09/18/2021,0.86,0.0,0,42837
47,95,09/19/2021,0.82,0.0,0,42837
47,95,09/20/2021,0.15,0.0,0,42837
47,95,09/21/2021,0.27,26.4,0,42837
47,95,09/22/2021,0.0,27.5,0,42837
47,95,09/23/2021,0.0,26.7,0,42837
47,95,09/24/2021,0.0,0.0,0,42837
47,95,09/25/2021,0.0,0.0,0,42837
47,95,09/26/2021,0.0,0.0,0,42837
47,95,09/27/2021,0.0,0.0,0,42837
48,97,08/22/2021,0.0,0.0,69,82124
48,97,08/23/2021,0.0,0.0,69,82124
48,97,08/24/2021,0.27,0.0,69,82124
48,97,08/25/2021,0.14,0.0,69,82124
48,97,08/26/2021,0.15,29.8,69,82124
48,97,08/27/2021,0.08,23.0,69,82124
48,97,08/28/2021,0.22,31.5,69,82124
48,97,08/29/2021,0.06,26.4,69,82124
48,97,08/30/2021,0.14,29.8,69,82124
48,97,08/31/2021,0.04,0.0,69,82124
48,97,09/01/2021,0.06,0.0,69,82124
48,97,09/02/2021,0.48,30.6,69,82124
48,97,09/03/2021,0.0,0.0,69,82124
48,97,09/04/2021,0.0,0.0,69,82124
48,97,09/05/2021,0.78,26.4,69,82124
48,97,09/06/2021,0.45,20.8,69,82124
48,97,09/07/2021,0.0,0.0,69,82124
48,97,09/08/2021,0.0,0.0,69,82124
48,97,09/09/2021,0.0,19.7,69,82124
48,97,09/10/2021,0.0,20.8,69,82124
48,97,09/11/2021,0.0,0.0,69,82124
48,97,09/12/2021,0.1,32.2,69,82124
48,97,09/13/2021,0.02,0.0,69,82124
48,97,09/14/2021,2.74,29.8,69,82124
48,97,09/15/2021,1.98,29.9,69,82124
48,97,09/16/2021,0.64,19.7,69,82124
48,97,09/17/2021,0.33,0.0,69,82124
48,97,09/18/2021,0.14,0.0,69,82124
48,97,09/19/2021,0.18,0.0,69,82124
48,97,09/20/2021,0.82,0.0,69,82124
48,97,09/21/2021,0.44,32.2,69,82124
48,97,09/22/2021,0.02,25.1,69,82124
48,97,09/23/2021,0.0,0.0,69,82124
48,97,09/24/2021,0.0,0.0,69,82124
48,97,09/25/2021,0.0,0.0,69,82124
48,97,09/26/2021,0.0,0.0,69,82124
48,97,09/27/2021,0.0,0.0,69,82124
49,99,08/22/2021,0.0,0.0,3,53431
49,99,08/23/2021,0.0,0.0,3,53431
49,99,08/24/2021,0.48,50.7,3,53431
49,99,08/25/2021,0.13,32.2,3,53431
49,99,08/26/2021,0.02,0.0,3,53431
49,99,08/27/2021,0.01,21.9,3,53431
49,99,08/28/2021,0.5,36.7,3,53431
49,99,08/29/2021,0.07,41.3,3,53431
49,99,08/30/2021,0.02,37.9,3,53431
49,99,08/31/2021,0.36,19.7,3,53431
49,99,09/01/2021,0.36,21.9,3,53431
49,99,09/02/2021,0.24,31.1,3,53431
49,99,09/03/2021,0.0,0.0,3,53431
49,99,09/04/2021,0.0,0.0,3,53431
49,99,09/05/2021,0.04,21.9,3,53431
49,99,09/06/2021,0.14,0.0,3,53431
49,99,09/07/2021,0.09,39.1,3,53431
49,99,09/08/2021,0.51,0.0,3,53431
49,99,09/09/2021,0.0,21.9,3,53431
49,99,09/10/2021,0.0,19.9,3,53431
49,99,09/11/2021,0.0,17.2,3,53431
49,99,09/12/2021,0.33,28.9,3,53431
49,99,09/13/2021,0.03,0.0,3,53431
49,99,09/14/2021,2.74,28.1,3,53431
49,99,09/15/2021,1.17,20.3,3,53431
49,99,09/16/2021,0.01,17.2,3,53431
49,99,09/17/2021,0.0,0.0,3,53431
49,99,09/18/2021,0.03,0.0,3,53431
49,99,09/19/2021,1.06,32.2,3,53431
49,99,09/20/2021,0.01,24.2,3,53431
49,99,09/21/2021,0.44,32.2,3,53431
49,99,09/22/2021,0.64,35.1,3,53431
49,99,09/23/2021,0.0,0.0,3,53431
49,99,09/24/2021,0.0,18.3,3,53431
49,99,09/25/2021,0.0,20.8,3,53431
49,99,09/26/2021,0.0,0.0,3,53431
49,99,09/27/2021,0.0,16.1,3,53431
50,101,08/22/2021,0.0,0.0,-7,49348
50,101,08/23/2021,0.0,0.0,-7,49348
50,101,08/24/2021,0.36,26.8,-7,49348
50,101,08/25/2021,0.02,0.0,-7,49348
50,101,08/26/2021,0.82,29.8,-7,49348
50,101,08/27/2021,0.48,21.9,-7,49348
50,101,08/28/2021,0.72,29.8,-7,49348
50,101,08/29/2021,0.2,49.2,-7,49348
50,101,08/30/2021,0.02,25.9,-7,49348
50,101,08/31/2021,0.22,14.9,-7,49348
50,101,09/01/2021,0.05,13.9,-7,49348
50,101,09/02/2021,1.36,26.4,-7,49348
50,101,09/03/2021,0.01,3.4,-7,49348
50,101,09/04/2021,0.02,0.0,-7,49348
50,101,09/05/2021,0.09,21.9,-7,49348
50,101,09/06/2021,0.09,0.0,-7,49348
50,101,09/07/2021,0.22,39.1,-7,49348
50,101,09/08/2021,0.83,0.0,-7,49348
50,101,09/09/2021,0.02,16.1,-7,49348
50,101,09/10/2021,0.0,20.8,-7,49348
50,101,09/11/2021,0.0,16.1,-7,49348
50,101,09/12/2021,0.21,24.6,-7,49348
50,101,09/13/2021,0.03,17.2,-7,49348
50,101,09/14/2021,3.82,28.0,-7,49348
50,101,09/15/2021,1.56,21.9,-7,49348
50,101,09/16/2021,0.14,18.3,-7,49348
50,101,09/17/2021,0.0,0.0,-7,49348
50,101,09/18/2021,1.02,19.7,-7,49348
50,101,09/19/2021,0.26,32.2,-7,49348
50,101,09/20/2021,0.34,24.2,-7,49348
50,101,09/21/2021,0.57,29.8,-7,49348
50,101,09/22/2021,0.65,35.1,-7,49348
50,101,09/23/2021,0.01,20.8,-7,49348
50,101,09/24/2021,0.07,18.3,-7,49348
50,101,09/25/2021,0.01,18.3,-7,49348
50,101,09/26/2021,0.0,0.0,-7,49348
50,101,09/27/2021,0.11,18.3,-7,49348
51,103,08/22/2021,0.0,0.0,39,260419
51,103,08/23/2021,0.21,20.8,39,260419
51,103,08/24/2021,0.0,0.0,39,260419
51,103,08/25/2021,0.56,27.5,39,260419
51,103,08/26/2021,0.38,33.3,39,260419
51,103,08/27/2021,0.87,29.8,39,260419
51,103,08/28/2021,0.04,0.0,39,260419
51,103,08/29/2021,7.07,62.7,39,260419
51,103,08/30/2021,2.02,51.6,39,260419
51,103,08/31/2021,0.47,19.7,39,260419
51,103,09/01/2021,0.1,33.3,39,260419
51,103,09/02/2021,0.37,29.8,39,260419
51,103,09/03/2021,0.0,0.0,39,260419
51,103,09/04/2021,0.0,16.1,39,260419
51,103,09/05/2021,0.12,40.3,39,260419
51,103,09/06/2021,0.16,0.0,39,260419
51,103,09/07/2021,0.81,0.0,39,260419
51,103,09/08/2021,0.0,0.0,39,260419
51,103,09/09/2021,0.0,17.2,39,260419
51,103,09/10/2021,0.0,0.0,39,260419
51,103,09/11/2021,0.0,0.0,39,260419
51,103,09/12/2021,0.05,29.9,39,260419
51,103,09/13/2021,0.0,19.7,39,260419
51,103,09/14/2021,1.39,35.6,39,260419
51,103,09/15/2021,1.87,33.3,39,260419
51,103,09/16/2021,0.03,29.8,39,260419
51,103,09/17/2021,0.03,19.7,39,260419
51,103,09/18/2021,0.09,21.9,39,260419
51,103,09/19/2021,0.35,0.0,39,260419
51,103,09/20/2021,0.03,0.0,39,260419
51,103,09/21/2021,0.12,23.0,39,260419
51,103,09/22/2021,0.0,36.7,39,260419
51,103,09/23/2021,0.0,34.4,39,260419
51,103,09/24/2021,0.0,0.0,39,260419
51,103,09/25/2021,0.0,0.0,39,260419
51,103,09/26/2021,0.0,0.0,39,260419
51,103,09/27/2021,0.0,0.0,39,260419
52,105,08/22/2021,0.0,0.0,115,134758
52,105,08/23/2021,0.23,20.8,115,134758
52,105,08/24/2021,0.0,0.0,115,134758
52,105,08/25/2021,0.38,20.8,115,134758
52,105,08/26/2021,0.09,23.0,115,134758
52,105,08/27/2021,0.28,18.3,115,134758
52,105,08/28/2021,0.03,18.3,115,134758
52,105,08/29/2021,1.04,42.6,115,134758
52,105,08/30/2021,5.24,47.7,115,134758
52,105,08/31/2021,0.0,19.7,115,134758
52,105,09/01/2021,0.0,0.0,115,134758
52,105,09/02/2021,0.0,0.0,115,134758
52,105,09/03/2021,0.0,0.0,115,134758
52,105,09/04/2021,0.0,16.1,115,134758
52,105,09/05/2021,0.0,40.3,115,134758
52,105,09/06/2021,0.54,17.2,115,134758
52,105,09/07/2021,0.0,0.0,115,134758
52,105,09/08/2021,0.01,0.0,115,134758
52,105,09/09/2021,0.0,19.2,115,134758
52,105,09/10/2021,0.0,0.0,115,134758
52,105,09/11/2021,0.0,0.0,115,134758
52,105,09/12/2021,0.09,25.3,115,134758
52,105,09/13/2021,0.16,19.7,115,134758
52,105,09/14/2021,1.15,0.0,115,134758
52,105,09/15/2021,2.96,20.8,115,134758
52,105,09/16/2021,0.44,16.1,115,134758
52,105,09/17/2021,1.88,19.7,115,134758
52,105,09/18/2021,0.91,0.0,115,134758
52,105,09/19/2021,0.06,0.0,115,134758
52,105,09/20/2021,0.0,0.0,115,134758
52,105,09/21/2021,0.37,24.7,115,134758
52,105,09/22/2021,0.0,24.3,115,134758
52,105,09/23/2021,0.0,18.3,115,134758
52,105,09/24/2021,0.0,0.0,115,134758
52,105,09/25/2021,0.0,0.0,115,134758
52,105,09/26/2021,0.0,0.0,115,134758
52,105,09/27/2021,0.04,0.0,115,134758
53,107,08/22/2021,0.01,0.0,62,4334
53,107,08/23/2021,0.0,18.3,62,4334
53,107,08/24/2021,0.02,25.3,62,4334
53,107,08/25/2021,0.0,14.1,62,4334
53,107,08/26/2021,0.4,29.9,62,4334
53,107,08/27/2021,0.0,29.2,62,4334
53,107,08/28/2021,0.0,33.3,62,4334
53,107,08/29/2021,0.1,27.9,62,4334
53,107,08/30/2021,0.45,39.5,62,4334
53,107,08/31/2021,0.02,16.1,62,4334
53,107,09/01/2021,0.35,44.8,62,4334
53,107,09/02/2021,0.98,12.8,62,4334
53,107,09/03/2021,0.0,0.0,62,4334
53,107,09/04/2021,0.0,0.0,62,4334
53,107,09/05/2021,1.3,32.2,62,4334
53,107,09/06/2021,0.02,18.3,62,4334
53,107,09/07/2021,0.0,0.0,62,4334
53,107,09/08/2021,0.0,11.4,62,4334
53,107,09/09/2021,0.0,18.3,62,4334
53,107,09/10/2021,0.0,16.1,62,4334
53,107,09/11/2021,0.0,16.7,62,4334
53,107,09/12/2021,0.0,17.2,62,4334
53,107,09/13/2021,0.01,0.0,62,4334
53,107,09/14/2021,0.68,21.9,62,4334
53,107,09/15/2021,1.72,28.5,62,4334
53,107,09/16/2021,0.02,15.0,62,4334
53,107,09/17/2021,0.03,12.8,62,4334
53,107,09/18/2021,0.12,0.0,62,4334
53,107,09/19/2021,0.57,15.0,62,4334
53,107,09/20/2021,0.49,0.0,62,4334
53,107,09/21/2021,0.31,33.3,62,4334
53,107,09/22/2021,0.03,25.2,62,4334
53,107,09/23/2021,0.0,17.2,62,4334
53,107,09/24/2021,0.0,0.0,62,4334
53,107,09/25/2021,0.0,11.4,62,4334
53,107,09/26/2021,0.0,11.4,62,4334
53,107,09/27/2021,0.0,0.0,62,4334
54,109,08/22/2021,0.0,0.0,0,110461
54,109,08/23/2021,0.05,3.4,0,110461
54,109,08/24/2021,0.55,34.3,0,110461
54,109,08/25/2021,0.02,8.1,0,110461
54,109,08/26/2021,0.43,29.8,0,110461
54,109,08/27/2021,0.49,18.3,0,110461
54,109,08/28/2021,0.22,22.4,0,110461
54,109,08/29/2021,0.5,59.2,0,110461
54,109,08/30/2021,0.0,24.2,0,110461
54,109,08/31/2021,0.0,15.5,0,110461
54,109,09/01/2021,0.02,13.9,0,110461
54,109,09/02/2021,1.32,10.3,0,110461
54,109,09/03/2021,0.0,8.7,0,110461
54,109,09/04/2021,0.0,9.2,0,110461
54,109,09/05/2021,0.05,11.4,0,110461
54,109,09/06/2021,0.0,11.4,0,110461
54,109,09/07/2021,0.03,11.4,0,110461
54,109,09/08/2021,0.0,7.5,0,110461
54,109,09/09/2021,0.0,10.3,0,110461
54,109,09/10/2021,0.0,13.9,0,110461
54,109,09/11/2021,0.0,14.4,0,110461
54,109,09/12/2021,0.72,16.2,0,110461
54,109,09/13/2021,0.02,16.2,0,110461
54,109,09/14/2021,3.83,28.4,0,110461
54,109,09/15/2021,1.57,17.8,0,110461
54,109,09/16/2021,0.15,14.8,0,110461
54,109,09/17/2021,0.0,15.0,0,110461
54,109,09/18/2021,1.01,17.7,0,110461
54,109,09/19/2021,0.01,12.1,0,110461
54,109,09/20/2021,0.29,19.3,0,110461
54,109,09/21/2021,0.18,10.9,0,110461
54,109,09/22/2021,0.04,23.0,0,110461
54,109,09/23/2021,0.01,16.0,0,110461
54,109,09/24/2021,0.07,11.5,0,110461
54,109,09/25/2021,0.01,15.2,0,110461
54,109,09/26/2021,0.0,15.0,0,110461
54,109,09/27/2021,0.09,13.9,0,110461
55,111,08/22/2021,0.05,0.0,154,22108
55,111,08/23/2021,0.0,0.0,154,22108
55,111,08/24/2021,0.0,0.0,154,22108
55,111,08/25/2021,0.1,0.0,154,22108
55,111,08/26/2021,0.03,0.0,154,22108
55,111,08/27/2021,0.0,0.0,154,22108
55,111,08/28/2021,0.22,0.0,154,22108
55,111,08/29/2021,0.02,0.0,154,22108
55,111,08/30/2021,0.32,36.7,154,22108
55,111,08/31/2021,0.0,0.0,154,22108
55,111,09/01/2021,0.0,32.2,154,22108
55,111,09/02/2021,0.0,0.0,154,22108
55,111,09/03/2021,0.0,0.0,154,22108
55,111,09/04/2021,0.03,0.0,154,22108
55,111,09/05/2021,0.25,39.1,154,22108
55,111,09/06/2021,0.0,0.0,154,22108
55,111,09/07/2021,0.0,0.0,154,22108
55,111,09/08/2021,0.0,0.0,154,22108
55,111,09/09/2021,0.0,0.0,154,22108
55,111,09/10/2021,0.0,0.0,154,22108
55,111,09/11/2021,0.0,0.0,154,22108
55,111,09/12/2021,0.0,0.0,154,22108
55,111,09/13/2021,0.0,0.0,154,22108
55,111,09/14/2021,0.06,0.0,154,22108
55,111,09/15/2021,0.0,0.0,154,22108
55,111,09/16/2021,0.0,0.0,154,22108
55,111,09/17/2021,1.04,0.0,154,22108
55,111,09/18/2021,0.3,0.0,154,22108
55,111,09/19/2021,0.71,0.0,154,22108
55,111,09/20/2021,0.0,0.0,154,22108
55,111,09/21/2021,0.62,31.1,154,22108
55,111,09/22/2021,0.0,20.8,154,22108
55,111,09/23/2021,0.0,0.0,154,22108
55,111,09/24/2021,0.0,0.0,154,22108
55,111,09/25/2021,0.0,0.0,154,22108
55,111,09/26/2021,0.0,0.0,154,22108
55,111,09/27/2021,0.0,0.0,154,22108
56,113,08/22/2021,0.0,0.0,3,59511
56,113,08/23/2021,0.0,0.0,3,59511
56,113,08/24/2021,0.31,27.2,3,59511
56,113,08/25/2021,0.22,0.0,3,59511
56,113,08/26/2021,0.04,0.0,3,59511
56,113,08/27/2021,0.06,21.9,3,59511
56,113,08/28/2021,0.52,26.4,3,59511
56,113,08/29/2021,0.07,36.5,3,59511
56,113,08/30/2021,0.04,32.2,3,59511
56,113,08/31/2021,0.21,19.7,3,59511
56,113,09/01/2021,0.33,21.9,3,59511
56,113,09/02/2021,0.15,26.4,3,59511
56,113,09/03/2021,0.02,0.0,3,59511
56,113,09/04/2021,0.03,0.0,3,59511
56,113,09/05/2021,0.07,21.9,3,59511
56,113,09/06/2021,0.13,0.0,3,59511
56,113,09/07/2021,0.27,39.1,3,59511
56,113,09/08/2021,0.87,0.0,3,59511
56,113,09/09/2021,0.04,21.9,3,59511
56,113,09/10/2021,0.0,19.7,3,59511
56,113,09/11/2021,0.0,17.2,3,59511
56,113,09/12/2021,0.21,21.0,3,59511
56,113,09/13/2021,0.03,0.0,3,59511
56,113,09/14/2021,2.78,28.1,3,59511
56,113,09/15/2021,0.86,19.8,3,59511
56,113,09/16/2021,0.01,17.2,3,59511
56,113,09/17/2021,0.0,0.0,3,59511
56,113,09/18/2021,0.08,0.0,3,59511
56,113,09/19/2021,1.37,32.2,3,59511
56,113,09/20/2021,0.09,24.2,3,59511
56,113,09/21/2021,0.49,29.9,3,59511
56,113,09/22/2021,1.24,29.8,3,59511
56,113,09/23/2021,0.0,0.0,3,59511
56,113,09/24/2021,0.0,18.3,3,59511
56,113,09/25/2021,0.0,20.8,3,59511
56,113,09/26/2021,0.0,0.0,3,59511
56,113,09/27/2021,0.0,16.1,3,59511
57,115,08/22/2021,0.0,0.0,302,47429
57,115,08/23/2021,0.24,0.0,302,47429
57,115,08/24/2021,0.92,35.8,302,47429
57,115,08/25/2021,0.0,0.0,302,47429
57,115,08/26/2021,0.29,35.8,302,47429
57,115,08/27/2021,0.0,17.2,302,47429
57,115,08/28/2021,0.6,20.6,302,47429
57,115,08/29/2021,0.15,20.8,302,47429
57,115,08/30/2021,0.06,20.8,302,47429
57,115,08/31/2021,0.01,0.0,302,47429
57,115,09/01/2021,0.46,0.0,302,47429
57,115,09/02/2021,0.22,31.1,302,47429
57,115,09/03/2021,0.1,21.9,302,47429
57,115,09/04/2021,0.0,0.0,302,47429
57,115,09/05/2021,0.0,0.0,302,47429
57,115,09/06/2021,0.21,0.0,302,47429
57,115,09/07/2021,0.0,0.0,302,47429
57,115,09/08/2021,0.0,0.0,302,47429
57,115,09/09/2021,0.0,0.0,302,47429
57,115,09/10/2021,0.0,20.8,302,47429
57,115,09/11/2021,0.0,0.0,302,47429
57,115,09/12/2021,0.0,0.0,302,47429
57,115,09/13/2021,0.01,0.0,302,47429
57,115,09/14/2021,3.64,23.0,302,47429
57,115,09/15/2021,0.65,23.0,302,47429
57,115,09/16/2021,0.21,0.0,302,47429
57,115,09/17/2021,0.57,0.0,302,47429
57,115,09/18/2021,0.0,0.0,302,47429
57,115,09/19/2021,1.07,0.0,302,47429
57,115,09/20/2021,0.0,0.0,302,47429
57,115,09/21/2021,0.11,25.3,302,47429
57,115,09/22/2021,0.01,24.1,302,47429
57,115,09/23/2021,0.0,0.0,302,47429
57,115,09/24/2021,0.0,0.0,302,47429
57,115,09/25/2021,0.0,0.0,302,47429
57,115,09/26/2021,0.0,0.0,302,47429
57,115,09/27/2021,0.0,17.2,302,47429
58,117,08/22/2021,0.0,0.0,240,46194
58,117,08/23/2021,0.0,0.0,240,46194
58,117,08/24/2021,0.43,52.8,240,46194
58,117,08/25/2021,0.19,32.2,240,46194
58,117,08/26/2021,0.1,16.1,240,46194
58,117,08/27/2021,0.04,19.7,240,46194
58,117,08/28/2021,0.64,17.2,240,46194
58,117,08/29/2021,0.11,40.5,240,46194
58,117,08/30/2021,0.31,36.0,240,46194
58,117,08/31/2021,1.4,17.2,240,46194
58,117,09/01/2021,0.82,21.9,240,46194
58,117,09/02/2021,0.43,21.9,240,46194
58,117,09/03/2021,0.0,0.0,240,46194
58,117,09/04/2021,0.0,0.0,240,46194
58,117,09/05/2021,0.0,20.8,240,46194
58,117,09/06/2021,0.29,0.0,240,46194
58,117,09/07/2021,0.01,0.0,240,46194
58,117,09/08/2021,0.0,0.0,240,46194
58,117,09/09/2021,0.0,21.9,240,46194
58,117,09/10/2021,0.0,16.1,240,46194
58,117,09/11/2021,0.0,17.2,240,46194
58,117,09/12/2021,0.19,16.1,240,46194
58,117,09/13/2021,0.24,17.2,240,46194
58,117,09/14/2021,2.93,21.9,240,46194
58,117,09/15/2021,2.22,19.7,240,46194
58,117,09/16/2021,1.18,17.2,240,46194
58,117,09/17/2021,0.0,0.0,240,46194
58,117,09/18/2021,0.08,0.0,240,46194
58,117,09/19/2021,0.11,0.0,240,46194
58,117,09/20/2021,0.35,0.0,240,46194
58,117,09/21/2021,0.82,32.2,240,46194
58,117,09/22/2021,0.05,32.8,240,46194
58,117,09/23/2021,0.0,0.0,240,46194
58,117,09/24/2021,0.0,0.0,240,46194
58,117,09/25/2021,0.0,20.8,240,46194
58,117,09/26/2021,0.0,0.0,240,46194
58,117,09/27/2021,0.0,0.0,240,46194
59,119,08/22/2021,0.0,0.0,167,38340
59,119,08/23/2021,0.0,0.0,167,38340
59,119,08/24/2021,0.0,0.0,167,38340
59,119,08/25/2021,0.0,0.0,167,38340
59,119,08/26/2021,0.0,0.0,167,38340
59,119,08/27/2021,0.0,17.2,167,38340
59,119,08/28/2021,0.26,33.3,167,38340
59,119,08/29/2021,0.32,17.2,167,38340
59,119,08/30/2021,0.0,23.0,167,38340
59,119,08/31/2021,0.16,0.0,167,38340
59,119,09/01/2021,0.01,0.0,167,38340
59,119,09/02/2021,0.0,0.0,167,38340
59,119,09/03/2021,0.0,0.0,167,38340
59,119,09/04/2021,0.0,0.0,167,38340
59,119,09/05/2021,0.03,19.7,167,38340
59,119,09/06/2021,0.0,0.0,167,38340
59,119,09/07/2021,0.0,0.0,167,38340
59,119,09/08/2021,0.0,0.0,167,38340
59,119,09/09/2021,0.0,26.4,167,38340
59,119,09/10/2021,0.0,0.0,167,38340
59,119,09/11/2021,0.0,0.0,167,38340
59,119,09/12/2021,0.0,0.0,167,38340
59,119,09/13/2021,0.0,0.0,167,38340
59,119,09/14/2021,0.02,23.0,167,38340
59,119,09/15/2021,0.0,24.2,167,38340
59,119,09/16/2021,0.0,16.1,167,38340
59,119,09/17/2021,0.14,0.0,167,38340
59,119,09/18/2021,0.52,0.0,167,38340
59,119,09/19/2021,0.13,0.0,167,38340
59,119,09/20/2021,0.0,0.0,167,38340
59,119,09/21/2021,0.34,27.5,167,38340
59,119,09/22/2021,0.0,23.5,167,38340
59,119,09/23/2021,0.0,0.0,167,38340
59,119,09/24/2021,0.0,0.0,167,38340
59,119,09/25/2021,0.0,0.0,167,38340
59,119,09/26/2021,0.0,0.0,167,38340
59,119,09/27/2021,0.0,16.1,167,38340
60,121,08/22/2021,0.0,0.0,13,26465
60,121,08/23/2021,0.25,0.0,13,26465
60,121,08/24/2021,0.04,21.5,13,26465
60,121,08/25/2021,0.85,39.1,13,26465
60,121,08/26/2021,0.16,23.0,13,26465
60,121,08/27/2021,0.12,17.2,13,26465
60,121,08/28/2021,0.12,19.7,13,26465
60,121,08/29/2021,1.31,56.0,13,26465
60,121,08/30/2021,0.63,47.7,13,26465
60,121,08/31/2021,0.58,0.0,13,26465
60,121,09/01/2021,0.0,0.0,13,26465
60,121,09/02/2021,0.0,21.9,13,26465
60,121,09/03/2021,0.0,0.0,13,26465
60,121,09/04/2021,0.0,0.0,13,26465
60,121,09/05/2021,0.0,0.0,13,26465
60,121,09/06/2021,0.1,0.0,13,26465
60,121,09/07/2021,0.01,20.8,13,26465
60,121,09/08/2021,0.0,0.0,13,26465
60,121,09/09/2021,0.0,21.9,13,26465
60,121,09/10/2021,0.0,9.2,13,26465
60,121,09/11/2021,0.0,16.1,13,26465
60,121,09/12/2021,0.29,16.1,13,26465
60,121,09/13/2021,0.49,17.2,13,26465
60,121,09/14/2021,1.89,21.9,13,26465
60,121,09/15/2021,1.64,18.3,13,26465
60,121,09/16/2021,1.09,0.0,13,26465
60,121,09/17/2021,0.07,0.0,13,26465
60,121,09/18/2021,0.18,0.0,13,26465
60,121,09/19/2021,0.0,0.0,13,26465
60,121,09/20/2021,0.0,0.0,13,26465
60,121,09/21/2021,0.1,29.8,13,26465
60,121,09/22/2021,0.01,26.4,13,26465
60,121,09/23/2021,0.0,19.7,13,26465
60,121,09/24/2021,0.0,0.0,13,26465
60,121,09/25/2021,0.0,0.0,13,26465
60,121,09/26/2021,0.0,0.0,13,26465
60,121,09/27/2021,0.14,0.0,13,26465
61,123,08/22/2021,0.05,24.2,98,10830
61,123,08/23/2021,0.0,18.3,98,10830
61,123,08/24/2021,0.0,25.3,98,10830
61,123,08/25/2021,0.0,17.2,98,10830
61,123,08/26/2021,0.12,19.7,98,10830
61,123,08/27/2021,0.0,36.9,98,10830
61,123,08/28/2021,0.27,0.0,98,10830
61,123,08/29/2021,0.06,30.0,98,10830
61,123,08/30/2021,0.37,35.7,98,10830
61,123,08/31/2021,0.01,0.0,98,10830
61,123,09/01/2021,0.28,32.2,98,10830
61,123,09/02/2021,0.0,0.0,98,10830
61,123,09/03/2021,0.0,0.0,98,10830
61,123,09/04/2021,0.0,0.0,98,10830
61,123,09/05/2021,0.7,39.1,98,10830
61,123,09/06/2021,0.0,19.7,98,10830
61,123,09/07/2021,0.0,0.0,98,10830
61,123,09/08/2021,0.0,0.0,98,10830
61,123,09/09/2021,0.0,18.3,98,10830
61,123,09/10/2021,0.0,0.0,98,10830
61,123,09/11/2021,0.0,0.0,98,10830
61,123,09/12/2021,0.0,18.3,98,10830
61,123,09/13/2021,0.0,0.0,98,10830
61,123,09/14/2021,0.15,21.9,98,10830
61,123,09/15/2021,0.01,21.9,98,10830
61,123,09/16/2021,0.0,0.0,98,10830
61,123,09/17/2021,0.76,0.0,98,10830
61,123,09/18/2021,0.17,0.0,98,10830
61,123,09/19/2021,0.61,0.0,98,10830
61,123,09/20/2021,0.13,0.0,98,10830
61,123,09/21/2021,0.24,28.1,98,10830
61,123,09/22/2021,0.01,27.7,98,10830
61,123,09/23/2021,0.0,17.2,98,10830
61,123,09/24/2021,0.0,0.0,98,10830
61,123,09/25/2021,0.0,0.0,98,10830
61,123,09/26/2021,0.0,0.0,98,10830
61,123,09/27/2021,0.0,0.0,98,10830
62,125,08/22/2021,0.0,0.0,72,15568
62,125,08/23/2021,0.28,0.0,72,15568
62,125,08/24/2021,0.26,30.1,72,15568
62,125,08/25/2021,0.9,39.1,72,15568
62,125,08/26/2021,0.35,23.0,72,15568
62,125,08/27/2021,0.18,17.2,72,15568
62,125,08/28/2021,0.21,19.7,72,15568
62,125,08/29/2021,0.85,44.1,72,15568
62,125,08/30/2021,0.67,42.6,72,15568
62,125,08/31/2021,1.8,0.0,72,15568
62,125,09/01/2021,0.0,0.0,72,15568
62,125,09/02/2021,0.0,21.9,72,15568
62,125,09/03/2021,0.0,0.0,72,15568
62,125,09/04/2021,0.0,0.0,72,15568
62,125,09/05/2021,0.0,0.0,72,15568
62,125,09/06/2021,0.25,0.0,72,15568
62,125,09/07/2021,0.03,20.8,72,15568
62,125,09/08/2021,0.0,0.0,72,15568
62,125,09/09/2021,0.0,21.9,72,15568
62,125,09/10/2021,0.0,9.2,72,15568
62,125,09/11/2021,0.0,16.1,72,15568
62,125,09/12/2021,0.19,16.1,72,15568
62,125,09/13/2021,0.46,17.2,72,15568
62,125,09/14/2021,2.37,21.9,72,15568
62,125,09/15/2021,1.95,18.3,72,15568
62,125,09/16/2021,1.4,0.0,72,15568
62,125,09/17/2021,0.02,0.0,72,15568
62,125,09/18/2021,0.13,0.0,72,15568
62,125,09/19/2021,0.02,0.0,72,15568
62,125,09/20/2021,0.0,0.0,72,15568
62,125,09/21/2021,0.16,29.8,72,15568
62,125,09/22/2021,0.01,26.4,72,15568
62,125,09/23/2021,0.0,19.7,72,15568
62,125,09/24/2021,0.0,0.0,72,15568
62,125,09/25/2021,0.0,0.0,72,15568
62,125,09/26/2021,0.0,0.0,72,15568
62,125,09/27/2021,0.14,0.0,72,15568
63,127,08/22/2021,0.0,0.0,154,13904
63,127,08/23/2021,0.0,0.0,154,13904
63,127,08/24/2021,0.0,0.0,154,13904
63,127,08/25/2021,0.2,0.0,154,13904
63,127,08/26/2021,0.07,38.0,154,13904
63,127,08/27/2021,0.05,31.1,154,13904
63,127,08/28/2021,0.18,33.3,154,13904
63,127,08/29/2021,0.34,31.1,154,13904
63,127,08/30/2021,0.17,32.2,154,13904
63,127,08/31/2021,0.0,0.0,154,13904
63,127,09/01/2021,0.0,0.0,154,13904
63,127,09/02/2021,0.3,24.9,154,13904
63,127,09/03/2021,0.0,0.0,154,13904
63,127,09/04/2021,0.03,0.0,154,13904
63,127,09/05/2021,0.51,25.3,154,13904
63,127,09/06/2021,0.13,0.0,154,13904
63,127,09/07/2021,0.0,0.0,154,13904
63,127,09/08/2021,0.0,0.0,154,13904
63,127,09/09/2021,0.0,16.1,154,13904
63,127,09/10/2021,0.0,0.0,154,13904
63,127,09/11/2021,0.0,0.0,154,13904
63,127,09/12/2021,0.15,32.2,154,13904
63,127,09/13/2021,0.06,0.0,154,13904
63,127,09/14/2021,0.77,23.0,154,13904
63,127,09/15/2021,1.07,29.8,154,13904
63,127,09/16/2021,0.04,0.0,154,13904
63,127,09/17/2021,1.3,0.0,154,13904
63,127,09/18/2021,0.78,0.0,154,13904
63,127,09/19/2021,0.18,0.0,154,13904
63,127,09/20/2021,0.0,0.0,154,13904
63,127,09/21/2021,0.87,41.4,154,13904
63,127,09/22/2021,0.01,29.8,154,13904
63,127,09/23/2021,0.0,0.0,154,13904
63,127,09/24/2021,0.0,0.0,154,13904
63,127,09/25/2021,0.0,0.0,154,13904
63,127,09/26/2021,0.0,0.0,154,13904
63,127,09/27/2021,0.0,0.0,154,13904
